-- MySQL dump 10.13  Distrib 5.5.37, for debian-linux-gnu (x86_64)
--
-- Host: localhost    Database: inventory
-- ------------------------------------------------------
-- Server version	5.5.37-0ubuntu0.13.10.1

/*!40101 SET @OLD_CHARACTER_SET_CLIENT=@@CHARACTER_SET_CLIENT */;
/*!40101 SET @OLD_CHARACTER_SET_RESULTS=@@CHARACTER_SET_RESULTS */;
/*!40101 SET @OLD_COLLATION_CONNECTION=@@COLLATION_CONNECTION */;
/*!40101 SET NAMES utf8 */;
/*!40103 SET @OLD_TIME_ZONE=@@TIME_ZONE */;
/*!40103 SET TIME_ZONE='+00:00' */;
/*!40014 SET @OLD_UNIQUE_CHECKS=@@UNIQUE_CHECKS, UNIQUE_CHECKS=0 */;
/*!40014 SET @OLD_FOREIGN_KEY_CHECKS=@@FOREIGN_KEY_CHECKS, FOREIGN_KEY_CHECKS=0 */;
/*!40101 SET @OLD_SQL_MODE=@@SQL_MODE, SQL_MODE='NO_AUTO_VALUE_ON_ZERO' */;
/*!40111 SET @OLD_SQL_NOTES=@@SQL_NOTES, SQL_NOTES=0 */;

--
-- Table structure for table `computer`
--

DROP TABLE IF EXISTS `computer`;
/*!40101 SET @saved_cs_client     = @@character_set_client */;
/*!40101 SET character_set_client = utf8 */;
CREATE TABLE `computer` (
  `hostname` varchar(45) NOT NULL,
  `os` varchar(45) NOT NULL,
  `computer_tag` char(5) NOT NULL,
  PRIMARY KEY (`computer_tag`)
) ENGINE=InnoDB DEFAULT CHARSET=latin1;
/*!40101 SET character_set_client = @saved_cs_client */;

--
-- Dumping data for table `computer`
--

LOCK TABLES `computer` WRITE;
/*!40000 ALTER TABLE `computer` DISABLE KEYS */;
INSERT INTO `computer` VALUES ('','8.0','21041'),('','Mac OS 9','25916'),('','Mac OSX 10.7','32034'),('','Mac OSX 10.7','32035'),('','Mac OSX 10.7','32036'),('','8.6','33337'),('','Mac OSX 10.2.8','33597'),('','Unknown','33964'),('','Windows XP','34201'),('','Mac OS 9','34343'),('','Windows NT 4 Server','34702'),('','Windows 2000','34705'),('','Mac OSX 10.2.8','34906'),('','Mac OSX 10.3.9','35115'),('','Mac OSX 10.3.9','35116'),('','Mac OSX 10.2','35899'),('','Mac OSX 10.3.9','35933'),('','Mac OSX 10.3.9','35934'),('','Mac OSX 10.4.7','35945'),('','Mac OSX 10.3.9','35959'),('','Mac OSX 10.2.8','35960'),('','Windows XP','36143'),('','Mac OSX 10.2.8','36157'),('','Windows 2000','36166'),('','Mac OSX 10.2.8','36392'),('','Mac OSX 10.2.8','36399'),('','Windows 2000','36400'),('','Windows 2000','36402'),('','Windows 2000','36405'),('','Windows XP','36413'),('','Windows XP','36745'),('','Windows 2000','37434'),('','Windows XP','38305'),('','Windows XP','38306'),('','Windows XP','38307'),('','Windows XP','38308'),('','Windows XP','38309'),('','Windows XP','38310'),('','Windows XP','38311'),('','Windows XP','38312'),('','Windows XP','38313'),('','Windows XP','38315'),('','Windows XP','38316'),('','Windows XP','38317'),('','Windows XP','38318'),('','Windows XP','38319'),('','Windows XP','38320'),('','Windows 2000','38321'),('','Windows XP','38323'),('','Windows XP','38324'),('','Windows XP','38325'),('','Windows XP','38326'),('','Windows XP','38327'),('','Windows XP','38328'),('','Windows XP','38329'),('','Windows XP','38330'),('','Windows XP','38331'),('','Windows XP','38332'),('','Windows XP','38333'),('','Windows XP','38334'),('','Windows XP','38340'),('','Windows XP','38341'),('','Windows XP','38342'),('','Windows XP','38343'),('','Windows 2000','38344'),('','Windows XP','38345'),('','Windows 2000','38346'),('','Windows XP','38347'),('','Windows XP','38348'),('','Windows 2000','38349'),('','Windows XP','38350'),('','Windows 2000','38351'),('','Windows XP','38352'),('','Windows XP','38353'),('','Windows XP','38354'),('','Windows XP','38356'),('','Windows 2000','38357'),('','Windows XP','38358'),('','Windows XP','38359'),('','Windows XP','38360'),('','Windows XP','38367'),('','Windows XP','38369'),('','Windows XP','38370'),('','Windows XP','38371'),('','Windows XP','38372'),('','Windows XP','38373'),('','Windows XP','38374'),('','Windows XP','38375'),('','Windows XP','38376'),('','Windows XP','38389'),('','Windows XP','38390'),('','Windows XP','38391'),('','Windows XP','38392'),('','Windows XP','38393'),('','Windows XP','38394'),('','Windows 2000','38395'),('','Windows XP','38396'),('','Windows XP','38398'),('','Windows XP','38399'),('','Windows XP','38402'),('','Mac OSX 10.4.11','38485'),('','Mac OSX 10.2.8','38665'),('','Mac OSX 10.2.8','38666'),('','Mac OSX 10.4.11','38668'),('','Mac OSX 10.4.11','39001'),('','Mac OSX 10.4.11','39002'),('','Mac OSX 10.4.11','39003'),('','Mac OSX 10.4.11','39004'),('','Mac OSX 10.4.11','39005'),('','Mac OSX 10.4.11','39008'),('','Mac OSX 10.4.11','39009'),('','Mac OSX 10.4.11','39010'),('','Mac OSX 10.4.11','39011'),('','Mac OSX 10.4.11','39012'),('','Mac OSX 10.4.11','39014'),('','Mac OSX 10.4.11','39015'),('','Mac OSX 10.4.11','39017'),('','Mac OSX 10.4.11','39018'),('','Mac OSX 10.4.11','39023'),('','Mac OSX 10.4.11','39027'),('','Mac OSX 10.4.11','39032'),('','Mac OSX 10.4.11','39036'),('','Mac OSX 10.4.11','39037'),('','Mac OSX 10.4.11','39038'),('','Mac OSX 10.4.11','39040'),('','Mac OSX 10.4.11','39041'),('','Mac OSX 10.4.11','39043'),('','Mac OSX 10.4.11','39044'),('','Mac OSX 10.4.11','39047'),('','Mac OSX 10.4.11','39048'),('','Windows XP','39141'),('','Windows 2000','39143'),('','Windows XP','39144'),('','Windows XP','39145'),('','Windows XP','39146'),('','Windows XP','39157'),('','Windows XP','39158'),('','Windows XP','39159'),('','Windows 2000 Pro','39160'),('','Windows XP','39161'),('','Windows XP','39163'),('','Windows XP','39164'),('','Windows XP','39165'),('','Windows XP','39166'),('','Windows 2000','39167'),('','Debian Unstable','39169'),('','Windows XP','39266'),('','Windows XP','39515'),('','Windows XP','39619'),('','Windows XP','39620'),('','Windows 2000','39621'),('','Mac OSX 10.4.11','39719'),('','Windows XP','39721'),('','Mac OSX 10.2.8','39833'),('','Mac OSX 10.3','39834'),('','Mac OSX 10.2.8','40161'),('','Mac OSX 10.3.9','40163'),('','Mac OSX 10.4.11','40254'),('','Mac OSX 10.4.11','40391'),('','Mac OSX 10.4.11','40392'),('','Mac OSX 10.4.11','40393'),('','Mac OSX 10.4.11','40394'),('','Mac OSX 10.4.11','40395'),('','Mac OSX 10.4.11','40396'),('','Mac OSX 10.4.11','40497'),('','Mac OSX 10.3.9','40598'),('','Mac OSX 10.4.11','40606'),('','Mac OSX 10.3.9','40681'),('','Windows XP','40755'),('','Windows XP','40756'),('','Windows XP','40757'),('','Windows XP','40758'),('','Windows XP','40759'),('','Windows XP','40760'),('','Windows XP','40761'),('','Windows XP','40762'),('','Windows XP','40765'),('','Mac OSX 10.4.11','40780'),('','Windows XP','40787'),('','Windows XP','40788'),('','Mac OSX 10.3.9','40805'),('','Windows XP','40813'),('','Windows XP','40814'),('','Windows XP','40815'),('','Windows XP','40816'),('','Windows XP','40817'),('','Windows XP','40839'),('','Windows XP','40840'),('','Debian','40841'),('','Windows XP','40842'),('','Windows XP','40844'),('','Windows XP','40845'),('','Mac OSX 10.3.9','40948'),('','Windows XP','41057'),('','Mac OSX 10.2.8','41070'),('','CentOS 5.8','41088'),('','Mac OSX 10.3.9','41144'),('','Debian GNU Linux','41284'),('','Mac OSX 10.7','42039'),('','Windows XP','42129'),('','Windows XP','42295'),('','Mac OSX 10.4.11','42428'),('','Mac OSX 10.3.9','42429'),('','Windows XP','42508'),('','Mac OSX 10.4.11','42520'),('','Windows XP','42527'),('','Windows XP','42528'),('','WIndows XP','42628'),('','Windows XP','42679'),('','Windows XP','42890'),('','Windows XP','42891'),('','Windows XP','42892'),('','Windows XP','42893'),('','Windows XP','42894'),('','Windows XP','42895'),('','Windows XP','43076'),('','Windows XP','43077'),('','Windows XP','43078'),('','Windows XP','43079'),('','Windows XP','43080'),('','Windows XP','43261'),('','Windows XP','43262'),('','Windows XP','43263'),('','Windows XP','43264'),('','Windows XP','43265'),('','Windows XP','43266'),('','Windows XP','43267'),('','Windows XP','43268'),('','Windows XP','43269'),('','Windows XP','43270'),('','Windows XP','43271'),('','Windows XP','43272'),('','Windows XP','43273'),('','Windows XP','43274'),('','Windows XP','43275'),('','Windows XP','43276'),('','Windows XP','43277'),('','Windows XP','43278'),('','Windows XP','43279'),('','Windows XP','43280'),('','Windows XP','43281'),('','Mac OSX 10.4.11','43283'),('','Mac OSX 10.4.11','43284'),('','Mac OSX 10.4.11','43345'),('','Mac OSX 10.4.11','43346'),('','Windows XP','43347'),('','Windows XP','43348'),('','Windows XP','43349'),('','Windows XP','43350'),('','Windows XP','43351'),('','Windows XP','43352'),('','Windows XP','43407'),('','Windows XP','43408'),('','Mac OSX 10.4.9','44124'),('','Mac OSX 10.4.9','44125'),('','Mac OSX 10.4.11','44127'),('','Mac OSX 10.4.11','44128'),('','Mac OSX 10.4.11','44129'),('','Mac OSX 10.4.11','44131'),('','Mac OSX 10.4.11','44134'),('','Mac OSX 10.4.11','44135'),('','Mac OSX 10.4.11','44160'),('','Mac OSX 10.4.11','44166'),('','Mac OSX 10.4.11','44171'),('','Windows XP','44178'),('','Mac OSX 10.4.11','44209'),('','Windows XP','44292'),('','Windows XP','44343'),('','Windows XP','44344'),('','Mac OSX 10.5','44401'),('','Windows XP','44542'),('','Mac OSX 10.5','44578'),('','Windows XP','44579'),('','Windows XP','44580'),('','Windows XP','44607'),('','Windows XP','44608'),('','Windows XP','44609'),('','Windows XP','44610'),('','Windows XP','44611'),('','Windows XP','44612'),('','Windows XP','44613'),('','Windows XP','44614'),('','Windows XP','44615'),('','Windows XP','44616'),('','Windows XP','44617'),('','Windows XP','44618'),('','Mac OSX 10.4.11','44620'),('','Windows XP','44713'),('','Windows XP','44714'),('','Windows XP','44715'),('','Windows XP','44716'),('','Windows XP','44717'),('','Windows XP','44718'),('','Windows XP','44719'),('','Windows XP','44720'),('','Windows XP','44721'),('','Windows XP','44722'),('','Windows XP','44723'),('','Windows XP','44724'),('','Windows XP','44737'),('','Windows XP','44738'),('','Windows XP','44739'),('','Windows XP','44740'),('','Windows XP','44741'),('','Windows XP','44742'),('','Windows XP','44743'),('','Windows XP','44744'),('','Windows XP','44745'),('','Windows XP','44746'),('','Windows XP','44747'),('','Windows XP','44748'),('','Mac OSX 10.4.11','44749'),('','Windows XP','44758'),('','Windows XP','44881'),('','Mac OSX 10.4.11','44882'),('','Mac OSX 10.4.11','44884'),('','Mac OSX 10.4.11','44887'),('','Windows XP','44888'),('','Windows XP','44889'),('','Windows XP','44890'),('','Debian Unstable','44891'),('','Windows XP','44892'),('','Windows Server 2003 ','45028'),('','Mac OSX 10.4.11','45148'),('','Windows XP','45269'),('','Mac OSX 10.4.11','45528'),('','Windows XP','45538'),('','Windows XP','45562'),('','Windows XP','45603'),('','Mac OSX 10.4.11','45657'),('','Mac OSX 10.4.11','45694'),('','Mac OSX 10.4.11','45709'),('','Mac OSX 10.4.11','45710'),('','Mac OSX 10.4.11','45711'),('','Mac OSX 10.4.11','45712'),('','Mac OSX 10.4.11','45713'),('','Mac OSX 10.4.11','45714'),('','Mac OSX 10.4.11','45715'),('','Mac OSX 10.4.11','45716'),('','Mac OSX 10.4.11','45717'),('','Mac OSX 10.4.11','45718'),('','Windows XP','45805'),('','Mac OSX 10.4.11','45808'),('','Mac OSX 10.4.11','45809'),('','Mac OSX 10.4.11','45810'),('','Windows Vista','45813'),('','Mac OSX 10.5.3','45815'),('','Windows XP','45901'),('','Windows XP','45902'),('','Windows XP','45903'),('','Windows XP','45904'),('','Windows XP','45905'),('','Windows XP','45906'),('','Windows XP','45907'),('','Windows XP','45908'),('','Windows XP','45909'),('','Windows XP','45910'),('','Windows XP','45911'),('','Windows XP','45912'),('','Windows XP','45913'),('','Windows XP','45961'),('','Windows XP','45962'),('','Windows XP','45963'),('','Windows XP','45964'),('','Windows XP','45965'),('','Windows XP','45966'),('','Windows XP','45967'),('','Windows XP','45969'),('','Windows XP','45970'),('','Windows XP','45971'),('','Windows XP','45972'),('','Windows XP','46057'),('','Windows XP','46064'),('','Windows XP','46079'),('','Windows XP','46080'),('','Windows XP','46081'),('','Windows XP','46082'),('','Windows XP','46083'),('','Windows XP','46084'),('','Windows XP','46085'),('','Windows XP','46086'),('','Windows Vista','46088'),('','Mac OSX 10.5.2','46089'),('','Mac OSX 10.4.11','46090'),('','Windows XP','46091'),('','Windows XP','46092'),('','Windows XP','46093'),('','Windows','46094'),('','Windows XP','46178'),('','Windows XP','46179'),('','Windows XP','46188'),('','Mac OSX 10.4.11','46321'),('','Mac OSX 10.4','46357'),('','Mac OSX 10.4','46359'),('','Mac OSX 10.4.11','46360'),('','Mac OSX 10.4.10','46366'),('','Mac OSX 10.5','46367'),('','Windows XP','46369'),('','Windows XP','46370'),('','Windows XP','46371'),('','Windows XP','46372'),('','Windows XP','46373'),('','Mac OSX 10.5','46380'),('','Windows XP','46383'),('','Windows Vista','46384'),('','Mac OSX 10.5','46385'),('','Mac OSX 10.5','46386'),('','Windows XP','46387'),('','Mac OSX 10.4.11','46389'),('','Windows Vista','46390'),('','Mac OSX 10.5.5','46391'),('','Mac OSX 10.5.6','46392'),('','Mac OSX 10.5.3','46393'),('','Mac OSX 10.5.3','46394'),('','Mac OSX 10.5.3','46395'),('','Mac OSX 10.5','46396'),('','Mac OSX 10.5.3','46397'),('','Mac OSX 10.5.3','46398'),('','Mac OSX 10.5.3','46399'),('','Mac OSX 10.5.3','46400'),('','Mac OSX 10.4.11','46403'),('','Mac OSX 10.5.2','46404'),('','Windows XP','46405'),('','Mac OSX 10.5.7','46406'),('','Windows XP','46408'),('','Windows XP','46409'),('','Mac OSX 10.6','46410'),('','Mac OSX 10.6','46411'),('','Mac OSX 10.6','46412'),('','Mac OSX 10.6','46413'),('','Mac OSX 10.6','46414'),('','Mac OSX 10.6','46415'),('','Mac OSX 10.6','46416'),('','Mac OSX 10.4.11','46441'),('','Mac OSX 10.4.11','46442'),('','Mac OSX 10.4.11','46443'),('','Mac OSX 10.4.11','46444'),('','Mac OSX 10.4.11','46445'),('','Mac OSX 10.4.11','46446'),('','Mac OSX 10.4.11','46447'),('','Mac OSX 10.4.11','46448'),('','Mac OSX 10.4.11','46449'),('','Mac OSX 10.4.11','46450'),('','Mac OSX 10.4.11','46451'),('','Mac OSX 10.4.11','46453'),('','Mac OSX 10.4.11','46454'),('','Mac OSX 10.4.11','46455'),('','Windows XP','46485'),('','Mac OSX 10.4.11','46489'),('','Mac OSX 10.4.11','46490'),('','Windows XP','46649'),('','Windows XP','46650'),('','Mac OSX 10.8.3','47394'),('','Mac OSX 10.4.11','47515'),('','Windows Vista','47545'),('','Windows XP','47546'),('','Windows Vista','47547'),('','Windows Vista','47548'),('','Windows XP','47702'),('','Windows Vista','47773'),('','Mac OSX 10.6','48949'),('','Windows 7 Home Premium','48961'),('','Mac OSX 10.6','48963'),('','Windows 7','48964'),('','Mac OSX 10.6','48971'),('','Windows XP','48972'),('','Windows 7','48973'),('','iOS','48979'),('','Mac OSX 10.7','48980'),('','iOS','48982'),('','iOS','48983'),('','iOS','48984'),('','Mac OSX 10.5.8','49515'),('','Windows XP','49601'),('','Mac OSX 10.6','49602'),('','Mac OSX 10.6','49603'),('','Mac OSX 10.6','49604'),('','Windows 7','49605'),('','Mac OSX','49606'),('','Mac OSX','49607'),('','Mac OSX','49608'),('','Windows 7 Home Premium','49749'),('','Windows 7','50170'),('','Mac OSX 10.6','50276'),('','Mac OSX 10.6','50277'),('','Windows 7','50331'),('','Windows 7','50589'),('','Windows 7','50592'),('','Windows 7','50630'),('','Windows 7','50631'),('','Windows 7','50801'),('','Windows 7 64bit','50806'),('','Windows 7','50827'),('','Windows 7','50833'),('','Windows 7','51287'),('','Windows 7','51348'),('','Windows 7','51349'),('','Mac OSX 10.6','51394'),('','Windows 7 64bit','51396'),('','Mac OS','51397'),('','Mac OSX 10.6.8','51398'),('','Mac OSX 10.6.8','51399'),('','Mac OSX 10.7','51400'),('','Mac OSX 10.7','51401'),('','Mac OSX 10.7','51402'),('','Mac OSX 10.7','51403'),('','Mac OSX 10.7','51404'),('','Mac OSX 10.7','51405'),('','Mac OSX','51406'),('','Mac OSX 10.6.7','51420'),('','Mac OSX 10.6.7','51421'),('','Mac OSX 10.6.7','51422'),('','Mac OSX 10.6.7','51423'),('','Mac OSX 10.6.7','51424'),('','Mac OSX 10.6.4','51425'),('','Mac','51426'),('','Mac OSX 10.6.8','51427'),('','Mac OS ','51428'),('','Mac OSX 10.6.7','51429'),('','Mac OSX 10.6.7','51430'),('','Windows 7 32bit','51684'),('','Windows 7 32bit','51785'),('','Windows 7','51786'),('','Windows 7 Pro','51959'),('','Windows 7 Pro','51961'),('','Windows 7 Pro','51962'),('','Windows 7 Pro','51963'),('','Windows 7 Pro','51964'),('','iOS 5','52031'),('','iOS 5','52032'),('','Mac OSX 10.7','52037'),('','Mac OSX 10.7','52038'),('','Mac OSX 10.7','52045'),('','Mac OSX 10.7','52046'),('','Mac OSX 10.7','52047'),('','Mac OSX 10.7','52048'),('','Mac OSX 10.7','52049'),('','Mac OSX 10.7','52050'),('','Mac OSX 10.7','52051'),('','Mac OSX 10.7','52053'),('','Mac OSX 10.7','52055'),('','Mac OSX 10.7','52056'),('','Mac OSX','52057'),('','Mac OSX','52058'),('','Mac OSX','52059'),('','Mac OSX','52060'),('','Mac OSX','52061'),('','Mac OSX','52062'),('','Mac OSX 10.7','52064'),('','Windows 7','52065'),('','Mac OSX 10.7.3','52068'),('','Mac OSX 10.7','52069'),('','Windows 7 Pro','52240'),('','Windows 7 Pro 64bit','52426'),('','Windows 7 Pro','52429'),('','Windows 7 Pro 64bit','52430'),('','Windows 7 Pro 64bit','52431'),('','Windows 7 Pro 64bit','52432'),('','Windows 7 Pro 64bit','52433'),('','Windows 7 Pro','52625'),('','Windows 7 Pro','52626'),('','Windows 7 Pro','52627'),('','Windows 7 Pro','52628'),('','iOS','52876'),('','iOS','52877'),('','iOS','52878'),('','iOS','52879'),('','iOS','52880'),('','iOS','52881'),('','Mac OSX 10.7','52882'),('','Mac OSX 10.7','52883'),('','Mac OSX 10.7','52884'),('','Mac OSX 10.7','52885'),('','Mac OSX 10.7','52886'),('','Mac OSX 10.7','52887'),('','Mac OSX 10.7','52888'),('','Mac OSX 10.7','52889'),('','Mac OSX 10.7','52890'),('','Mac OSX 10.7','52891'),('','Mac OSX 10.7','52892'),('','Mac OSX 10.7','52893'),('','Mac OSX 10.7','52894'),('','Mac OSX 10.7','52895'),('','Mac OSX 10.7','52896'),('','Mac OSX 10.7','52897'),('','Mac OSX 10.7','52898'),('','Mac OSX 10.7','52899'),('','Mac OSX 10.7','52900'),('','Mac OSX 10.7','52901'),('','Mac OSX 10.7','52902'),('','iOS','52905'),('','iOS','52906'),('','iOS','52907'),('','Mac OSX 10.8.2','52908'),('','Mac OSX 10.8.2','52909'),('','Mac OSX 10.8.2','52910'),('','Mac OSX 10.8.2','52911'),('','Mac OSX 10.8.2','52912'),('','Mac OSX 10.8.2','52913'),('','Mac OSX 10.8.2','52914'),('','Mac OSX 10.8.2','52915'),('','Mac OSX 10.8.2','52916'),('','Mac OSX 10.8.2','52917'),('','Mac OSX 10.8.2','52918'),('','Mac OSX 10.8.2','52919'),('','Mac OSX 10.8.2','52920'),('','Mac OSX 10.8.2','52921'),('','Mac OSX 10.8.2','52922'),('','Mac OSX 10.8.2','52923'),('','Mac OSX 10.8.2','52924'),('','Mac OSX 10.8.2','52925'),('','Mac OSX 10.8.2','52926'),('','Mac OSX 10.8.2','52927'),('','Mac OSX 10.8.2','52928'),('','Mac OSX 10.8.2','52929'),('','Mac OSX 10.8.2','52930'),('','Mac OSX 10.8.2','52931'),('','Mac OSX 10.8.2','52932'),('','Mac OSX 10.8.2','52933'),('','Mac OSX 10.8.4','52934'),('','Mac OSX 10.8.4','52935'),('','Mac OSX 10.8.4','52936'),('','Mac OSX 10.8.4','52937'),('','Windows 7','52938'),('','Mac OSX 10.8.4','52939'),('','Mac OSX 10.8.4','52940'),('','Windows 7 Pro','53230'),('','Windows 7 Pro','53231'),('','Windows 7 Pro','53232'),('','Windows 7 Pro','53233'),('','Windows 7 Pro','53234'),('','Windows 7 Pro','53235'),('','Windows 7 Pro','53236'),('','Windows 7 Pro','53237'),('','Windows 7 Pro','53238'),('','Windows 7 Pro','53239'),('','Windows 7','53240'),('','Windows 7 Home Premium','53297'),('','iOS','53373'),('','iOS','53374'),('','iOS','53375'),('','iOS','53376'),('','Mac OSX 10.8.4','53377'),('','Mac OSX 10.8.4','53378'),('','Mac OSX 10.8.4','53379'),('','Mac OSX 10.8.4','53380'),('','Mac OSX 10.8.4','53381'),('','Mac OSX 10.8.4','53382'),('','iOS','53383'),('','Mac OSX 10.8.4','53425'),('','Mac OSX 10.8.4','53426'),('','Mac OSX 10.8.4','53427'),('','Mac OSX 10.8.4','53428'),('','Mac OSX 10.8.4','53429'),('','Mac OSX 10.8.4','53430'),('','Mac OSX 10.8.4','53431'),('','Mac OSX 10.8.3','53432'),('','Mac OSX 10.8.5','53438'),('','Mac OSX 10.8.5','53439'),('','Windows 7 Pro','53540'),('','Windows 7 Pro','53541'),('','Mac OSX 10.7','62033');
/*!40000 ALTER TABLE `computer` ENABLE KEYS */;
UNLOCK TABLES;

--
-- Table structure for table `eq_description`
--

DROP TABLE IF EXISTS `eq_description`;
/*!40101 SET @saved_cs_client     = @@character_set_client */;
/*!40101 SET character_set_client = utf8 */;
CREATE TABLE `eq_description` (
  `description` varchar(100) NOT NULL,
  `tag_num` char(5) NOT NULL,
  PRIMARY KEY (`tag_num`)
) ENGINE=InnoDB DEFAULT CHARSET=latin1;
/*!40101 SET character_set_client = @saved_cs_client */;

--
-- Dumping data for table `eq_description`
--

LOCK TABLES `eq_description` WRITE;
/*!40000 ALTER TABLE `eq_description` DISABLE KEYS */;
/*!40000 ALTER TABLE `eq_description` ENABLE KEYS */;
UNLOCK TABLES;

--
-- Table structure for table `eq_network`
--

DROP TABLE IF EXISTS `eq_network`;
/*!40101 SET @saved_cs_client     = @@character_set_client */;
/*!40101 SET character_set_client = utf8 */;
CREATE TABLE `eq_network` (
  `tag_num` char(5) NOT NULL,
  `mac` char(17) DEFAULT NULL,
  `wmac` char(17) DEFAULT NULL,
  `ip` char(15) DEFAULT NULL,
  PRIMARY KEY (`tag_num`)
) ENGINE=InnoDB DEFAULT CHARSET=latin1;
/*!40101 SET character_set_client = @saved_cs_client */;

--
-- Dumping data for table `eq_network`
--

LOCK TABLES `eq_network` WRITE;
/*!40000 ALTER TABLE `eq_network` DISABLE KEYS */;
INSERT INTO `eq_network` VALUES ('','',NULL,NULL),('27415','00:c0:85:21:1b:97',NULL,NULL),('32034','40:6C:8F:32:7E:47','7C:C3:A1:B1:DF:33',NULL),('32035','40:6C:8F:27:F9:50','7C:C3:A1:B1:C6:FE',NULL),('32036','3C:07:54:44:FF:D9','7C:C3:A1:AE:C9:60',NULL),('33337','00:50:e4:06:58:4f',NULL,NULL),('33471','00:c0:b6:00:7c:32',NULL,NULL),('33597','00:50:e4:10:5a:65',NULL,NULL),('34201','00:09:5b:1d:08:8f',NULL,NULL),('34343','00:30:65:3f:61:30',NULL,NULL),('34702','00:12:17:57:49:16',NULL,NULL),('34705','00:b0:d0:46:bf:53',NULL,NULL),('34906','00:30:65:9a:d9:d6',NULL,NULL),('35115','00:30:65:af:da:54',NULL,NULL),('35116','00:30:65:a8:c4:92',NULL,NULL),('35659','00:01:e6:28:f8:de',NULL,NULL),('35899','00:30:65:ba:8a:68',NULL,NULL),('35933','00:30:65:c9:02:32',NULL,NULL),('35934','00:30:65:c9:00:aa',NULL,NULL),('35937','00:30:65:c8:f6:36',NULL,NULL),('35959','00:30:65:ba:8a:e0',NULL,NULL),('35960','00:30:65:ba:89:f6',NULL,NULL),('36143','00:b0:d0:dc:84:d4',NULL,NULL),('36157','00:03:93:05:37:0',NULL,NULL),('36392','00:03:93:48:ea:4e',NULL,NULL),('36399','00:03:93:15:f1:d0',NULL,NULL),('36400','00:b0:d0:f1:d6:f9',NULL,NULL),('36402','00:b0:d0:f1:96:5f',NULL,NULL),('36405','00:b0:d0:cb:d2:48',NULL,NULL),('36413','00:b0:d0:cf:90:49',NULL,NULL),('37034','00:01:e6:54:95:10',NULL,NULL),('37434','00:06:5b:74:09:29',NULL,NULL),('37492','00:01:e6:53:e6:9f',NULL,NULL),('37866','00:c0:b6:00:7c:32',NULL,NULL),('38305','00:06:5b:a1:8e:34',NULL,NULL),('38306','00:06:5b:a1:8e:7e',NULL,NULL),('38307','00:06:5b:a1:8b:c1',NULL,NULL),('38308','00:06:5b:a1:8e:b4',NULL,NULL),('38309','00:06:5b:a1:8b:7c',NULL,NULL),('38310','00:06:5b:a1:8e:9e',NULL,NULL),('38311','00:06:5b:a1:8b:be',NULL,NULL),('38312','00:06:5b:a1:8e:27',NULL,NULL),('38313','00:06:5b:a1:8e:64',NULL,NULL),('38315','00:06:5b:a1:8b:6d',NULL,NULL),('38316','00:06:5b:a8:e3:b',NULL,NULL),('38317','00:06:5b:a1:8e:bd',NULL,NULL),('38318','00:06:5b:a1:8e:98',NULL,NULL),('38319','00:06:5b:a1:8e:85',NULL,NULL),('38320','00:06:5b:76:52:8b',NULL,NULL),('38321','00:06:5b:76:63:7f',NULL,NULL),('38322','00:06:5b:76:63:79',NULL,NULL),('38323','00:06:5b:a1:8d:e4',NULL,NULL),('38324','00:06:5b:76:62:5b',NULL,NULL),('38325','00:06:5b:a1:8d:d7',NULL,NULL),('38327','00:06:5b:76:62:4c',NULL,NULL),('38328','00:06:5b:76:63:a9',NULL,NULL),('38329','00:06:5b:76:63:85',NULL,NULL),('38330','00:06:5b:a1:8d:e6',NULL,NULL),('38331','00:06:5b:76:62:7d',NULL,NULL),('38332','00:06:5b:76:63:7d',NULL,NULL),('38333','00:06:5b:76:63:9e',NULL,NULL),('38334','00:06:5b:76:64:c2',NULL,NULL),('38340','00:06:5b:ac:8d:3f',NULL,NULL),('38341','00:06:5b:a1:8b:97',NULL,NULL),('38342','00:06:5b:a1:8d:d8',NULL,NULL),('38343','00:06:5b:a1:8d:2a',NULL,NULL),('38344','00:06:5b:a1:8e:2b',NULL,NULL),('38345','00:06:5b:a1:8b:86',NULL,NULL),('38346','00:06:5b:a1:8e:57',NULL,NULL),('38347','00:06:5b:a1:8e:7a',NULL,NULL),('38348','00:06:5b:a1:8b:80',NULL,NULL),('38349','00:06:5b:a1:8e:a1',NULL,NULL),('38350','00:06:5b:a1:8e:c0',NULL,NULL),('38351','00:06:5b:a1:8b:72',NULL,NULL),('38352','00:06:5b:a1:8d:3c',NULL,NULL),('38353','00:06:5b:a1:8b:99',NULL,NULL),('38354','00:06:5b:a1:8d:12',NULL,NULL),('38356','00:06:5b:a1:8c:ae',NULL,NULL),('38357','00:06:5b:a1:8f:8f',NULL,NULL),('38358','00:06:5b:a1:8d:32',NULL,NULL),('38359','00:06:5b:a1:8c:ff',NULL,NULL),('38360','00:06:5b:a1:8c:af',NULL,NULL),('38367','00:06:5b:a1:8c:72',NULL,NULL),('38369','00:06:5b:a1:8f:53',NULL,NULL),('38370','00:06:5b:a1:8f:90',NULL,NULL),('38371','00:06:5b:a1:8c:91',NULL,NULL),('38374','00:06:5b:a1:8c:c0',NULL,NULL),('38375','00:06:5b:a1:8f:3b',NULL,NULL),('38376','00:06:5b:a1:8f:73',NULL,NULL),('38389','00:06:5b:a1:8c:c1',NULL,NULL),('38390','00:06:5b:a1:8f:4b',NULL,NULL),('38391','00:06:5b:a1:8e:d8',NULL,NULL),('38392','00:06:5b:a1:8f:11',NULL,NULL),('38393','00:06:5b:a1:se:de',NULL,NULL),('38394','00:06:5b:a1:8f:15',NULL,NULL),('38395','00:06:5b:76:63:8a',NULL,NULL),('38396','00:06:5b:a1:8e:ac',NULL,NULL),('38398','00:06:5b:ac:8b:e5',NULL,NULL),('38399','00:06:5b:ac:8d:56',NULL,NULL),('38402','00:06:5b:a4:24:20',NULL,NULL),('38485','00:03:93:a1:8d:48',NULL,NULL),('38665','00:03:93:A5:C0:EE',NULL,NULL),('38666','00:03:93:b5:05:8e',NULL,NULL),('38668','00:03:93:b5:04:7c',NULL,NULL),('39001','00:03:93:a1:8b:64',NULL,NULL),('39002','00:03:93:8a:77:44',NULL,NULL),('39003','00:03:93:a1:8e:58',NULL,NULL),('39004','00:03:93:8a:76:80',NULL,NULL),('39005','00:03:93:a1:88:f8',NULL,NULL),('39008','00:03:93:a2:e7:2e',NULL,NULL),('39009','00:03:93:b0:c3:b0',NULL,NULL),('39010','00:03:93:8a:78:0a',NULL,NULL),('39011','00:03:93:8a:77:38',NULL,NULL),('39012','00:03:93:8a:77:18',NULL,NULL),('39014','00:03:93:b0:c7:7c',NULL,NULL),('39015','00:03:93:a1:8c:3c',NULL,NULL),('39017','00:03:93:9a:e9:a4',NULL,NULL),('39018','00:03:93:a2:e3:52',NULL,NULL),('39023','00:03:93:8a:78:9a',NULL,NULL),('39027','00:03:93:8a:76:04',NULL,NULL),('39032','00:03:93:a1:8c:12',NULL,NULL),('39036','00:03:93:a1:88:42',NULL,NULL),('39037','00:03:93:9a:ff:14',NULL,NULL),('39038','00:03:93:9a:ee:12',NULL,NULL),('39040','00:03:93:9a:ee:0c',NULL,NULL),('39041','00:03:93:9a:fa:6a',NULL,NULL),('39043','00:03:93:b2:45:36',NULL,NULL),('39044','00:03:93:a1:8a:ea',NULL,NULL),('39047','00:03:93:9a:f9:70',NULL,NULL),('39048','00:03:93:9a:f9:30',NULL,NULL),('39141','00:08:74:01:4f:c1',NULL,NULL),('39143','00:06:5b:97:dc:7a',NULL,NULL),('39144','00:06:5b:97:dc:60',NULL,NULL),('39145','00:06:5b:97:dc:70',NULL,NULL),('39146','00:06:5b:97:dc:54',NULL,NULL),('39157','00:06:5b:97:ef:17',NULL,NULL),('39158','00:06:5b:97:ef:5d',NULL,NULL),('39159','00:06:5b:97:f0:46',NULL,NULL),('39160','00:06:5b:97:f0:48',NULL,NULL),('39161','00:06:5b:97:ef:7b',NULL,NULL),('39163','00:06:5b:97:f0:14',NULL,NULL),('39164','00:06:5b:97:ee:a9',NULL,NULL),('39165','00:06:5b:97:ef:2b',NULL,NULL),('39166','00:06:5b:97:ef:46',NULL,NULL),('39167','00:06:5b:97:ef:4a',NULL,NULL),('39169','00:1f:5b:34:50:b4',NULL,NULL),('39266','00:0b:db:3c:a6:e6',NULL,NULL),('39515','00:08:74:fe:3f:e9',NULL,NULL),('39619','00:0b:db:3c:a9:85',NULL,NULL),('39620','00:0b:db:3c:a9:b5',NULL,NULL),('39621','00:0b:db:3c:a9:c2',NULL,NULL),('39719','00:03:93:d3:d1:24','00:03:93:e9:de:e3',NULL),('39721','00:08:74:f3:c9:18',NULL,NULL),('39833','00:0a:95:78:5c:24',NULL,NULL),('39834','00:0a:95:81:35:f2',NULL,NULL),('40161','00:03:93:CA:0D:C4',NULL,NULL),('40163','00:0a:95:79:ce:92',NULL,NULL),('40254','00:03:93:d3:cd:fe',NULL,NULL),('40391','00:0a:95:35:ca:e7',NULL,NULL),('40392','00:0a:95:e4:9f:a8',NULL,NULL),('40393','00:03:33:f4:65:80',NULL,NULL),('40394','00:0a:95:e4:9d:36',NULL,NULL),('40395','00:0a:95:e5:4d:d8',NULL,NULL),('40396','00:0a:95:35:d1:65',NULL,NULL),('40497','00:0a:95:98:a7:8e',NULL,NULL),('40598','00:0d:93:68:08:7c',NULL,NULL),('40606','00:0a:95:d1:11:4a',NULL,NULL),('40681','00:0d:93:67:14:5a',NULL,NULL),('40755','00:0d:56:f2:ba:0e',NULL,NULL),('40756','00:0d:56:f2:ba:11',NULL,NULL),('40757','00:0d:56:f2:ba:74',NULL,NULL),('40758','00:0d:56:f2:ba:53',NULL,NULL),('40759','00:0d:56:f2:ba:09',NULL,NULL),('40760','00:0d:56:f2:b9:74',NULL,NULL),('40761','00:0d:56:f2:ba:16',NULL,NULL),('40762','00:0d:56:f2:b9:f6',NULL,NULL),('40765','00:0d:56:f2:ba:20',NULL,NULL),('40780','00:0d:93:c2:c7:fc',NULL,NULL),('40787','00:0d:56:f8:62:71',NULL,NULL),('40788','00:0d:56:f8:50:3a',NULL,NULL),('40805','00:0d:93:c0:54:9c',NULL,NULL),('40813','00:0d:56:f8:61:ce',NULL,NULL),('40814','00:0d:56:f8:63:9a',NULL,NULL),('40815','00:0d:56:f8:61:6c',NULL,NULL),('40816','00:0d:56:f8:5f:a1',NULL,NULL),('40817','00:0d:56:f8:62:53',NULL,NULL),('40839','00:0d:56:9d:e4:bb',NULL,NULL),('40840','00:0d:56:9d:e4:a4',NULL,NULL),('40842','00:0d:56:9d:e4:9a',NULL,NULL),('40844','00:0d:56:9d:e4:a7',NULL,NULL),('40845','00:0d:56:9d:e4:68',NULL,NULL),('40948','00:0d:93:b2:d1:ea',NULL,NULL),('41034','00:c0:b7:c3:1e:b0',NULL,NULL),('41041','00:01:e6:7e:18:cd',NULL,NULL),('41057','00:0b:db:3c:a6:02',NULL,NULL),('41070','00:03:93:a8:e4:66',NULL,NULL),('41088','00:0b:db:6b:74:f5',NULL,NULL),('41118','00:01:e6:70:be:d2',NULL,NULL),('41144','00:30:65:b2:0a:10',NULL,NULL),('41220','00:01:e6:9f:88:f7',NULL,NULL),('41284','00:0d:61:3a:68:53',NULL,NULL),('42039','40:6c:8f:40:45:f2','7c:d1:c3:6d:f5:cc',NULL),('42129','00:12:3f:84:7e:9c',NULL,NULL),('42295','00:0e:35:cd:7e:fa',NULL,NULL),('42428','00:11:24:70:09:38',NULL,NULL),('42429','00:0d:93:5c:a6:26',NULL,NULL),('42520','00:11:24:83:76:94',NULL,NULL),('42527','00:11:43:29:26:75',NULL,NULL),('42528','00:11:43:29:28:b3',NULL,NULL),('42679','00:0b:7d:1c:17:5d',NULL,NULL),('42890','00:12:3f:84:7e:11',NULL,NULL),('42891','00:12:3f:84:5f:a7',NULL,NULL),('42892','00:12:3f:84:fd:92',NULL,NULL),('42893','00:12:3f:84:7e:4d',NULL,NULL),('42894','00:12:3f:84:66:22',NULL,NULL),('42895','00:12:3f:84:ff:ba',NULL,NULL),('43076','00:12:3f:2b:14:43',NULL,NULL),('43077','00:11:43:2e:ab:dd',NULL,NULL),('43078','00:12:3f:33:22:11',NULL,NULL),('43079','00:12:3f:2f:48:7d',NULL,NULL),('43080','00:12:3f:2f:47:74',NULL,NULL),('43261','00:12:3f:2f:62:8f',NULL,NULL),('43262','00:12:3f:2b:3e:6c',NULL,NULL),('43263','00:12:3f:2f:49:2d',NULL,NULL),('43264','00:12:3f:2f:50:ea',NULL,NULL),('43265','00:12:3f:2f:7b:4f',NULL,NULL),('43266','00:12:3f:2f:80:72',NULL,NULL),('43267','00:11:43:2e:a9:e4',NULL,NULL),('43268','00:12:3f:2b:22:37',NULL,NULL),('43269','00:12:3f:2f:7a:fb',NULL,NULL),('43270','00:12:3f:2f:53:a3',NULL,NULL),('43271','00:12:3f:2f:7b:83',NULL,NULL),('43272','00:12:3f:2f:48:d3',NULL,NULL),('43273','00:12:3f:2b:23:db',NULL,NULL),('43274','00:12:3f:33:1e:51',NULL,NULL),('43275','00:12:3f:2f:35:5d',NULL,NULL),('43276','00:12:3f:2f:55:f3',NULL,NULL),('43277','00:12:3f:2b:20:50',NULL,NULL),('43278','00:12:3f:2f:32:d0',NULL,NULL),('43279','00:12:3f:2b:21:2f',NULL,NULL),('43280','00:12:3f:2b:46:0a',NULL,NULL),('43281','00:12:3f:2f:42:cf',NULL,NULL),('43283','00:0d:93:7a:c0:c8',NULL,NULL),('43284','00:11:24:3e:c6:3c',NULL,NULL),('43345','00:0d:93:7a:bf:52',NULL,NULL),('43346','00:0d:93:7a:c1:2a',NULL,NULL),('43347','00:12:3f:2f:43:e4',NULL,NULL),('43348','00:12:3f:2f:54:5c',NULL,NULL),('43349','00:12:3f:2b:22:5f',NULL,NULL),('43350','00:12:3f:33:21:80',NULL,NULL),('43351','00:12:3f:33:1f:82',NULL,NULL),('43352','00:12:3f:32:9c:22',NULL,NULL),('43407','00:13:72:82:44:06',NULL,NULL),('43408','00:13:72:82:45:93',NULL,NULL),('43829','00:14:38:45:29:1c',NULL,NULL),('44124','00:14:51:13:29:16',NULL,NULL),('44125','00:14:51:13:3c:f6',NULL,NULL),('44127','00:14:51:13:33:48',NULL,NULL),('44128','00:14:51:13:30:b8',NULL,NULL),('44129','00:14:51:13:31:4e',NULL,NULL),('44131','00:14:51:13:33:1e',NULL,NULL),('44134','00:14:51:13:35:a8',NULL,NULL),('44135','00:14:51:13:2f:f2',NULL,NULL),('44160','00:16:cb:91:96:20','00:16:cb:b2:02:e9',NULL),('44166','00:16:cb:ca:55:05','00:16:cb:ba:ec:5d',NULL),('44171','00:16:cb:92:c3:93','00:16:cb:b1:9b:05',NULL),('44178','00:14:22:f4:c6:45','00:16:6f:80:33:5d',NULL),('44209','00:16:cb:8c:27:96','00:16:cb:02:75:62',NULL),('44292','00:14:22:f6:bb:05','00:16:6f:76:53:83',NULL),('44343','00:13:72:86:fe:07',NULL,NULL),('44344','00:13:72:86:fe:cf',NULL,NULL),('44401','00:16:cb:86:ea:81',NULL,NULL),('44542','00:15:c5:e5:14:6c',NULL,NULL),('44578','00:16:cb:9c:a2:1d','00:17:f2:4c:77:b1',NULL),('44579','00:13:72:6f:fc:d0',NULL,NULL),('44580','00:13:72:77:a0:83',NULL,NULL),('44607','00:13:72:75:93:bf',NULL,NULL),('44608','00:13:72:75:93:fa',NULL,NULL),('44609','00:13:72:77:a1:f9',NULL,NULL),('44610','00:13:72:75:93:45',NULL,NULL),('44611','00:13:72:73:78:d0',NULL,NULL),('44612','00:13:72:75:90:44',NULL,NULL),('44613','00:13:72:75:91:d3',NULL,NULL),('44614','00:13:72:75:94:d0',NULL,NULL),('44615','00:13:72:77:97:b5',NULL,NULL),('44616','00:13:72:75:94:f5',NULL,NULL),('44617','00:13:72:71:55:37',NULL,NULL),('44618','00:13:72:71:58:a4',NULL,NULL),('44620','00:16:cb:91:39:b9','00:16:cb:b2:38:16',NULL),('44713','00:13:72:75:93:de',NULL,NULL),('44714','00:13:72:73:77:6a',NULL,NULL),('44715','00:13:72:75:8c:4f',NULL,NULL),('44716','00:13:72:75:93:c8',NULL,NULL),('44717','00:13:72:75:93:7d',NULL,NULL),('44718','00:13:72:75:94:cc',NULL,NULL),('44719','00:13:72:70:cf:b0',NULL,NULL),('44720','00:13:72:75:92:5f',NULL,NULL),('44721','00:13:72:75:93:d2',NULL,NULL),('44722','00:13:72:75:93:f7',NULL,NULL),('44723','00:13:72:77:a1:b5',NULL,NULL),('44724','00:13:72:77:9f:ad',NULL,NULL),('44737','00:13:72:73:7b:34',NULL,NULL),('44738','00:13:72:77:a0:ae',NULL,NULL),('44739','00:13:72:77:a4:8b',NULL,NULL),('44740','00:13:72:75:95:b7',NULL,NULL),('44741','00:13:72:77:a0:7d',NULL,NULL),('44742','00:13:72:77:a0:bc',NULL,NULL),('44743','00:13:72:75:92:9c',NULL,NULL),('44744','00:13:72:77:a4:a4',NULL,NULL),('44745','00:13:72:75:92:37',NULL,NULL),('44746','00:13:72:77:9f:d3',NULL,NULL),('44747','00:13:72:75:92:8f',NULL,NULL),('44748','00:13:72:75:95:7a',NULL,NULL),('44749','00:16:cb:97:45:59','00:16:cb:b4:f0:ee',NULL),('44809','00:01:e6:a4:2b:15',NULL,NULL),('44881','00:13:72:76:a3:ba',NULL,NULL),('44882','00:16:cb:9a:6d:4a','00:17:f2:97:d1:af',NULL),('44884','00:16:cb:c9:ae:ed','00:17:f2:44:6d:6e',NULL),('44887','00:17:f2:02:53:ea',NULL,NULL),('44888','00:13:72:75:93:72',NULL,NULL),('44889','00:13:72:75:93:df',NULL,NULL),('44890','00:13:72:71:55:44',NULL,NULL),('44891','00:1f:5b:34:50:b4',NULL,NULL),('44892','00:13:72:77:9f:a5',NULL,NULL),('45028','00:15:c5:f4:9a:af',NULL,NULL),('45148','00:17:f2:cd:3a:6c','00:19:e3:0e:a2:9e',NULL),('45269','00:18:8b:b5:eb:28','00:19:d2:6b:2f:5f',NULL),('45528','00:17:f2:06:14:f2',NULL,NULL),('45538','00:13:72:77:a6:3e',NULL,NULL),('45562','00:19:b9:1f:41:b7',NULL,NULL),('45603','00:13:72:73:7a:56',NULL,NULL),('45643','00:14:38:a0:e6:41',NULL,NULL),('45657','00:17:f2:06:16:96',NULL,NULL),('45686','00:14:38:a6:4a:0c',NULL,NULL),('45693','00:30:c1:54:b3:3f',NULL,NULL),('45694','00:16:cb:94:e7:de','00:17:f2:45:37:38',NULL),('45709','00:17:f2:d8:17:a6','00:17:f2:37:ec:08',NULL),('45710','00:17:f2:d8:15:23','00:17:f2:37:eb:5d',NULL),('45711','00:17:f2:d4:bd:76','00:17:f2:37:e9:84',NULL),('45712','00:17:f2:d4:be:99','00:17:f2:37:ea:03',NULL),('45713','00:17:f2:d8:16:97','00:17:f2:37:f0:9a',NULL),('45714','00:17:f2:d5:f8:f8','00:17:f2:37:e9:7b',NULL),('45715','00:17:f2:d4:be:13','00:17:f2:37:e7:fa',NULL),('45716','00:17:f2:d8:04:22','00:17:f2:37:ed:cc',NULL),('45717','00:17:f2:08:d0:ce',NULL,NULL),('45718','00:16:cb:8e:32:2d','00:16:cb:bf:20:d5',NULL),('45805','00:13:72:77:a6:5a',NULL,NULL),('45808','00:17:f2:cc:3b:c1','00:19:e3:dc:b3:a3',NULL),('45809','00:17:f2:d0:51:f5','00:19:e3:df:11:fd',NULL),('45810','00:17:f2:d1:72:c7','00:19:e3:df:45:6e',NULL),('45813','00:1a:80:24:58:37','00:1c:bf:59:df:b8',NULL),('45815','00:1f:5b:30:18:b0',NULL,NULL),('45901','00:19:b9:2e:09:9a',NULL,NULL),('45902','00:19:b9:2f:b5:ec',NULL,NULL),('45903','00:19:b9:2e:08:59',NULL,NULL),('45904','00:19:b9:2e:09:72',NULL,NULL),('45905','00:19:b9:2e:05:17',NULL,NULL),('45906','00:19:b9:2e:08:af',NULL,NULL),('45907','00:19:b9:2f:b5:e9',NULL,NULL),('45908','00:19:b9:2e:09:93',NULL,NULL),('45909','00:19:b9:2f:b5:24',NULL,NULL),('45910','00:19:b9:2f:b5:8d',NULL,NULL),('45911','00:19:b9:2e:08:ee',NULL,NULL),('45912','00:19:b9:2e:08:6b',NULL,NULL),('45913','00:19:b9:2e:08:74',NULL,NULL),('45961','00:19:b9:2f:b4:a8',NULL,NULL),('45962','00:19:b9:2e:05:3e',NULL,NULL),('45963','00:19:b9:2f:b5:c1',NULL,NULL),('45964','00:19:b9:2f:b5:75',NULL,NULL),('45965','00:19:b9:2e:07:81',NULL,NULL),('45966','00:19:b9:2f:b5:c5',NULL,NULL),('45967','00:19:b9:2e:03:33',NULL,NULL),('45969','00:19:b9:2f:bf:9b',NULL,NULL),('45970','00:19:b9:2e:07:e6',NULL,NULL),('45971','00:19:b9:2e:05:21',NULL,NULL),('45972','00:19:b9:2e:09:b4',NULL,NULL),('46017','00:17:a4:93:60:cc',NULL,NULL),('46057','00:19:b9:40:53:30',NULL,NULL),('46064','00:1a:a0:a0:89:ea',NULL,NULL),('46079','00:19:b9:3d:7f:a6',NULL,NULL),('46080','00:19:b9:3d:7f:69',NULL,NULL),('46081','00:19:b9:3d:76:41',NULL,NULL),('46082','00:19:b9:3d:7e:4d',NULL,NULL),('46083','00:19:b9:3d:35:6b',NULL,NULL),('46084','00:19:b9:3c:c4:a1',NULL,NULL),('46085','00:19:b9:3d:7e:57',NULL,NULL),('46086','00:19:b9:3d:3d:16',NULL,NULL),('46088','00:1d:09:4a:d3:d7','00:1f:3a:30:9d:3f',NULL),('46089','00:16:cb:ad:d7:3f','00:1c:b3:b2:16:9b',NULL),('46090','00:1f:f3:54:0e:fa',NULL,NULL),('46091','00:1e:4f:dc:d2:06',NULL,NULL),('46092','00:1e:4f:d4:ff:e0',NULL,NULL),('46093','00:18:8b:d0:67:e1','00:1b:77:23:b8:0d',NULL),('46094','00:18:8b:d0:6c:4e','00:1b:77:23:b7:eb',NULL),('46101','00:17:08:85:61:2a',NULL,NULL),('46178','00:1a:a0:89:5f:08',NULL,NULL),('46179','00:19:b9:3c:89:3b',NULL,NULL),('46188','00:1c:23:10:b2:be','00:1b:77:c4:e5:4d',NULL),('46321','00:1b:63:92:8d:4a','00:1b:63:c3:ec:df',NULL),('46360','00:1b:63:a0:94:66','00:1c:b3:7a:b7:1e',NULL),('46366','00:1b:63:a2:c2:76',NULL,NULL),('46369','00:1a:a0:c9:09:c4',NULL,NULL),('46370','00:1a:a0:c9:65:e8',NULL,NULL),('46371','00:1a:a0:c9:90:24',NULL,NULL),('46372','00:1a:a0:c9:91:65',NULL,NULL),('46373','00:1a:a0:c9:08:df',NULL,NULL),('46380','00:1b:63:9f:46:21',NULL,NULL),('46383','00:21:70:06:07:79',NULL,NULL),('46384','00:21:70:06:02:7d',NULL,NULL),('46385','00:1f:f3:5b:eb:15','00:1f:5b:c8:f1:31',NULL),('46386','00:1f:5b:34:50:b4',NULL,NULL),('46387','00:1c:23:52:6f:7a','00:1f:3b:a9:99:75',NULL),('46389','00:0a:95:9f:06:c8',NULL,NULL),('46390','00:1e:68:83:7c:72','00:1f:3c:76:39:f3',NULL),('46391','00:1f:f3:cb:de:a5','00:22:41:fb:00:1d',NULL),('46392','00:25:00:d0:05:ba','00:23:6c:99:d4:ea',NULL),('46393','00:19:e3:4a:77:0e','00:17:f2:3a:bf:e3',NULL),('46394','00:19:e3:4a:8a:6c','00:17:f2:3a:bf:6f',NULL),('46395','00:19:e3:4a:76:e6','00:17:f2:3a:c2:78',NULL),('46396','00:16:cb:9f:69:8a','00:17:f2:3a:bf:bd',NULL),('46397','00:19:e3:4a:7e:4a','00:17:f2:3a:c2:77',NULL),('46398','00:19:e3:4a:79:ef','00:17:f2:3a:bf:c3',NULL),('46399','00:19:e3:4a:8a:85','00:17:f2:3a:c3:c0',NULL),('46400','00:19:e3:4a:7d:89','00:17:f2:3a:c2:75',NULL),('46403','00:16:cb:a3:b1:a6','00:16:cb:04:e8:b7',NULL),('46404','00:1e:c2:12:e3:b3','00:1e:c2:a3:61:e0',NULL),('46405','00:24:81:94:65:d3',NULL,NULL),('46406','00:23:df:9f:53:8e','00:23:6c:96:c7:ba',NULL),('46407','00:c0:b7:a2:19:64',NULL,NULL),('46408','00:24:81:94:66:35',NULL,NULL),('46409','00:24:81:94:62:17',NULL,NULL),('46410','34:15:9e:12:e5:e0','f8:1e:df:e3:be:b2',NULL),('46411','d4:9a:20:f7:47:a4','7c:6d:62:75:79:81',NULL),('46412','d4:9a:20:f7:37:f2','7c:6d:62:75:90:a2',NULL),('46413','d4:9a:20:fc:9b:32','7c:6d:62:75:84:d4',NULL),('46414','d4:9a:20:f7:58:96','7c:6d:62:75:90:de',NULL),('46415','34:15:9e:04:7b:84','7c:6d:62:75:84:dc',NULL),('46416','d4:9a:20:f7:4c:9e','7c:6d:62:75:92:85',NULL),('46441','00:17:f2:05:df:b0',NULL,NULL),('46442','00:17:f2:06:14:1c',NULL,NULL),('46443','00:17:f2:06:15:d0',NULL,NULL),('46444','00:17:f2:06:13:6a',NULL,NULL),('46445','00:17:f2:06:13:64',NULL,NULL),('46446','00:17:f2:06:14:76',NULL,NULL),('46447','00:17:f2:05:df:d8',NULL,NULL),('46448','00:17:f2:06:14:50',NULL,NULL),('46449','00:17:f2:06:14:fc',NULL,NULL),('46450','00:17:f2:06:15:3e',NULL,NULL),('46451','00:17:f2:05:df:e6',NULL,NULL),('46453','00:17:f2:06:15:06',NULL,NULL),('46454','00:17:f2:05:df:da',NULL,NULL),('46455','00:17:f2:06:15:1c',NULL,NULL),('46485','00:1c:23:0f:c4:e7','00:1b:77:c5:26:58',NULL),('46489','00:17:f2:06:14:36',NULL,NULL),('46490','00:17:f2:06:14:e4',NULL,NULL),('46649','00:1a:a0:ec:58:14',NULL,NULL),('46650','00:1a:a0:ec:54:d5',NULL,NULL),('47394','28:cf:e9:4c:cf:b2','28:cf:e9:4c:cf:b1',NULL),('47423','00:1e:0b:07:d4:01',NULL,NULL),('47515','00:17:f2:0e:96:74',NULL,NULL),('47545','00:21:70:08:10:6f',NULL,NULL),('47546','00:21:70:07:d7:99',NULL,NULL),('47547','00:21:70:08:09:55',NULL,NULL),('47548','00:21:70:07:d7:e3',NULL,NULL),('47702','00:1c:23:54:2c:bd',NULL,NULL),('47773','02:00:54:55:4e:01',NULL,NULL),('48949','00:26:b0:df:5d:b0','00:26:bb:08:89:f2',NULL),('48961','54:42:49:01:d9:34','78:dd:08:cc:56:90',NULL),('48963','e8:06:88:df:1b:e2','90:27:e4:fd:09:b9',NULL),('48964','00:26:b9:dd:dc:ae','00:23:14:99:19:c4',NULL),('48971','78:ca:39:0b:0d:66','60:33:4b:24:e6:8f',NULL),('48972','00:14:22:cd:da:e8','00:16:6f:46:b7:56',NULL),('48973','f0:7b:cb:f7:dc:61','00:26:83:bb:bb:d8',NULL),('48979',NULL,'64:20:0c:9b:0a:2e',NULL),('48980','3c:07:54:66:09:28','c0:2g:y2:x1:dh:jq',NULL),('48982',NULL,'64:20:0c:8b:5e:5d',NULL),('48983',NULL,'b0:65:bd:e0:38:58',NULL),('48984',NULL,'b0:65:bd:2d:20:52',NULL),('49515','00:25:00:d0:08:e2','00:23:6c:99:eb:59',NULL),('49601','00:26:b9:a4:b8:5d','c4:17:fe:ba:c2:9d',NULL),('49602','d4:9a:20:f5:57:3c','7c:6d:62:75:84:dd',NULL),('49603','34:15:9e:2a:8e:90','d8:30:62:4b:ed:da',NULL),('49604','c4:2c:03:39:4b:d9','c8:bc:c8:d0:6b:17',NULL),('49605','24:b6:fd:13:91:9c','e4:d5:3d:f2:48:c3',NULL),('49606','c8:2a:14:4a:bc:0f','e4:ce:8f:24:9b:3e',NULL),('49607','c8:2a:14:25:09:45','10:9a:dd:a6:82:40',NULL),('49608','c8:2a:14:24:91:f4','10:9a:dd:a6:94:67',NULL),('50170','84:2b:2b:b1:9f:a2',NULL,NULL),('50277','c8:2a:14:41:50:89','e4:ce:8f:25:22:do',NULL),('50331','5c:26:0a:1f:10:ce','1c:65:9d:99:4d:17',NULL),('50589','5c:26:0a:4f:80:a7','68:a3:c4:70:69:65',NULL),('50592','98:4b:e1:ed:0e:4b','ac:81:12:6e:8d:18',NULL),('50630','2c:27:d1:1c:8a:6b',NULL,NULL),('50631','2c:27:d7:1c:8a:5d',NULL,NULL),('50801','2c:27:d7:1c:9e:be',NULL,NULL),('50804','2c:27:d7:1c:9c:a7',NULL,NULL),('50806','2c:27:d7:1c:9e:38',NULL,NULL),('50827','64:31:50:98:50:32','ac:81:12:6f:0b:35',NULL),('50833','2c:27:d7:1c:97:11',NULL,NULL),('51287','2c:27:d7:3b:4f:91',NULL,NULL),('51348','9c:8e:99:3e:d1:ef','ac:81:12:83:18:9e',NULL),('51349','9c:8e:99:3d:f0:d3','ac:81:12:83:20:83',NULL),('51394','00:25:00:d0:05:ba','00:23:6c:99:d4:ea',NULL),('51396','e8:11:32:6b:9a:cc','8c:a9:82:94:d7:e2',NULL),('51397','3c:07:54:2e:07:69','e4:ce:8f:65:58:d7',NULL),('51398','70:cd:60:f2:4b:d6','e0:f8:47:32:17:d2',NULL),('51399','10:9a:dd:9e:65:0a','c8:2a:14:21:74:0b',NULL),('51400','40:6C:8F:31:56:88','7C:D1:C3:6E:38:48',NULL),('51401','40:6C:8F:4E:6D:39','7C:D1:C3:86:6D:72',NULL),('51402','40:6C:8F:23:D6:C2','10:40:F3:EE:BB:94',NULL),('51403','40:6C:8F:26:74:5E','10:40:F3:EE:D8:DE',NULL),('51404','40:6C:8F:4E:83:65','7C:D1:C3:88:A4:76',NULL),('51405','40:6C:8F:33:5E:07','7C:D1:C3:6E:5E:5E',NULL),('51406','40:6C:8F:49:7E:32','7C:D1:C3:85:DF:14',NULL),('51420',NULL,'e4:ce:8f:05:6c:62',NULL),('51421','c8:2a:14:4c:d4:e9','e4:ce:8f:3a:0a:0c',NULL),('51422','10:9a:dd:63:74:bd','e4:ce:8f:3a:56:1c',NULL),('51423','10:9a:dd:6b:30:e4','e4:ce:8f:0b:ba:bc',NULL),('51424','c8:2a:14:4c:a4:c0','e4:ce:8f:39:d1:82',NULL),('51425','70:cd:60:87:6e:3c','e4:ce:8f:76:98:d5',NULL),('51427','e4:ce:8f:5d:be:9a','44:2a:60:e6:57:5b',NULL),('51428','c8:2a:14:33:53:e9','e4:ce:8f:59:79:59',NULL),('51429','e4:ce:8f:3a:03:20','e4:ce:8f:3a:03:21',NULL),('51430','c8:2a:14:43:3l:ef','e4:ce:8f:39:51:fc',NULL),('51684','10:1f:74:ff:89:fb','88:53:2e:ab:02:7f',NULL),('51785','10:1f:74:ff:59:c2','88:53:2e:ab:46:40',NULL),('51786','2c:41:38:0e:e9:36','88:53:2e:ab:12:6a',NULL),('51959','d4:be:d9:9b:9d:b0',NULL,NULL),('51961','d4:be:d9:9e:9d:83',NULL,NULL),('51962','d4:be:d9:9e:9a:cd',NULL,NULL),('51963','d4:be:d9:9e:99:c8',NULL,NULL),('51964','d4:be:d9:9e:bb:bf',NULL,NULL),('52031',NULL,'64:20:0C:67:E3:79',NULL),('52032',NULL,'64:20:0C:54:56:3E',NULL),('52037','40:6C:8F:20:A3:6F','7C:C3:A1:AE:BA:2E',NULL),('52038','40:6C:8F:27:4A:C1','7C:C3:A1:AE:CA:0B',NULL),('52045','40:6C:8F:26:46:4E','10:40:F3:EE:C2:7C',NULL),('52046','40:6C:8F:4E:C2:53','7C:D1:C3:86:6C:DC',NULL),('52047','40:6C:8F:22:B9:7C','10:40:F3:AC:1B:B8',NULL),('52048','40:6C:8F:4E:82:EF','7C:D1:C3:87:FE:62',NULL),('52049','40:6C:8F:49:BD:53','7C:D1:C3:80:BA:E8',NULL),('52050','40:6C:8F:3C:47:CD','7C:D1:C3:6E:4E:A6',NULL),('52051','40:6C:8F:3B:5A:2D','7C:D1:C3:72:24:9E',NULL),('52053','40:6C:8F:53:5A:C2','7C:D1:C3:98:0E:BA',NULL),('52055','40:6C:8F:19:D7:C5','7C:C3:A1:AB:60:16',NULL),('52056','40:6C:8F:16:48:80','7C:C3:A1:AB:60:11',NULL),('52057','c8:2a:14:24:5e:2e','e4:ce:8f:50:a4:4d',NULL),('52058','c8:2a:14:2a:9b:4b','e4:ce:8f:55:5d:10',NULL),('52059','c8:2a:14:29:01:36','10:9a:dd:a6:94:6b',NULL),('52060','c8:2a:14:29:01:36','e4:ce:8f:54:10:eb',NULL),('52061','c8:2a:14:32:b1:4f','e4:ce:8f:57:3e:06',NULL),('52062','c8:2a:14:23:f1:b1','e4:ce:8f:53:d1:8c',NULL),('52064','3c:07:54:75:b0:26','68:a8:6d:52:f7:50',NULL),('52065','d4:be:d9:9e:85:25',NULL,NULL),('52068','40:6c:8f:1a:a1:c1','10:40:f3:af:94:aa',NULL),('52069','c8:2a:14:25:09:25','10:9a:dd:a6:af:80',NULL),('52240','b8:ca:3a:7e:d1:a1',NULL,NULL),('52426','5C:F9:DD:73:6B:61',NULL,NULL),('52429','5C:F9:DD:74:83:87',NULL,NULL),('52430','5C:F9:DD:74:86:81',NULL,NULL),('52431','5C:F9:DD:74:5B:B0',NULL,NULL),('52432','5C:F9:DD:74:84:37',NULL,NULL),('52433','5C:F9:DD:74:87:7F',NULL,NULL),('52625','b8:ca:3a:7e:e0:a6',NULL,NULL),('52626','b8:ca:3a:7e:bc:cf',NULL,NULL),('52627','b8:ca:3a:7e:e6:11',NULL,NULL),('52628','b8:ca:3a:7e:de:1f',NULL,NULL),('52876',NULL,'b0:65:bd:12:eb:fb',NULL),('52877',NULL,'b0:65:bd:18:da:d7',NULL),('52878',NULL,'b0:65:bd:10:b0:e5',NULL),('52879',NULL,'b0:65:bd:29:3a:fe',NULL),('52880',NULL,'b0:65:bd:16:bf:1f',NULL),('52881',NULL,'b0:65:bd:27:94:1a',NULL),('52882','40:6c:8f:48:69:8b','80:49:71:15:86:77',NULL),('52883','40:6c:8f:48:67:57','80:49:71:16:94:01',NULL),('52884','40:6c:8f:48:73:77','80:49:71:16:94:4f',NULL),('52885','40:6c:8f:48:73:01','80:49:71:16:93:fd',NULL),('52886','40:6c:8f:48:6b:06','80:49:71:15:81:17',NULL),('52887','40:6c:8f:48:74:7c','80:49:71:15:c3:19',NULL),('52888','40:6c:8f:48:68:a4','80:49:71:15:84:7b',NULL),('52889','40:6c:8f:48:6a:11','80:49:71:15:84:77',NULL),('52890','40:6c:8f:48:76:12','80:49:71:15:c8:a9',NULL),('52891','40:6c:8f:48:69:76','80:49:71:15:ad:c9',NULL),('52892','40:6c:8f:48:65:c9','80:49:71:15:86:57',NULL),('52893','40:6c:8f:48:69:14','80:49:71:16:94:33',NULL),('52894','40:6c:8f:48:75:a3','80:49:71:15:86:2f',NULL),('52895','40:6c:8f:48:c2:d6','80:49:71:15:b0:63',NULL),('52896','40:6c:8f:48:80:ca','80:49:71:15:a3:1b',NULL),('52897','40:6c:8f:48:76:99','80:49:71:15:c9:25',NULL),('52898','40:6c:8f:48:76:fe','80:49:71:16:9f:61',NULL),('52899','40:6c:8f:48:69:c4','80:49:71:16:9e:39',NULL),('52900','40:6c:8f:48:67:96','80:49:71:16:9f:55',NULL),('52901','40:6c:8f:48:69:9c','80:49:71:15:86:33',NULL),('52902','40:6c:8f:48:69:af','80:49:71:16:94:05',NULL),('52905',NULL,'b0:65:bd:27:4b:df',NULL),('52906',NULL,'64:20:0c:f2:65:83',NULL),('52907',NULL,'b0:65:bd:2a:f7:de',NULL),('52908','00:0a:41:19:1e:40','88:53:95:28:14:5b',NULL),('52909','a8:20:66:2e:63:fc','88:53:95:28:16:89',NULL),('52910','a8:20:66:34:d1:1d','20:c9:d0:97:61:c5',NULL),('52911','a8:20:66:31:9b:24','88:53:95:28:3f:9d',NULL),('52912','a8:20:66:34:c8:99','20:c9:d0:98:02:b3',NULL),('52913','a8:20:66:32:09:7e','20:c9:d0:98:03:4f',NULL),('52914','a8:20:66:31:a2:33','88:53:95:28:16:e1',NULL),('52915','a8:20:66:31:f6:23','20:c9:d0:97:a7:09',NULL),('52916','a8:20:66:31:be:a7','20:c9:d0:97:85:8b',NULL),('52917','a8:20:66:31:ef:a0','88:53:95:28:12:bd',NULL),('52918','a8:20:66:31:a3:d5','88:53:95:28:16:ff',NULL),('52919','a8:20:66:34:c7:96','88:53:95:28:3a:5d',NULL),('52920','a8:20:66:34:c0:8d','88:53:95:28:0f:e1',NULL),('52921','a8:20:66:31:fa:75','88:53:95:28:14:25',NULL),('52922','a8:20:66:31:a0:d1','20:c9:d0:97:61:b9',NULL),('52923','a8:20:66:31:ef:b4','88:53:95:28:14:71',NULL),('52924','a8:20:66:2e:61:6c','88:53:95:28:0f:ab',NULL),('52925','a8:20:66:31:a2:f0','88:53:95:28:14:6f',NULL),('52926','a8:20:66:31:a3:8a','88:53:95:28:3b:bd',NULL),('52927','a8:20:66:34:c6:98','20:c9:d0:97:a8:e5',NULL),('52928','a8:20:66:34:d0:15','20:c9:d0:97:61:b1',NULL),('52929','a8:20:66:32:14:40','88:53:95:28:10:61',NULL),('52930','a8:20:66:1a:18:30','20:c9:d0:92:06:df',NULL),('52931','a8:20:66:12:13:cc','20:c9:d0:91:ac:13',NULL),('52932','a8:20:66:31:a4:50','20:c9:d0:97:61:c9',NULL),('52933','a8:20:66:34:c8:0e','88:53:95:28:36:ab',NULL),('52934',NULL,'84:38:35:47:ef:50',NULL),('52935',NULL,'00:00:0c:07:ac:79',NULL),('52936','00:0a:41:19:1e:40','ec:35:86:4e:4a:82',NULL),('52937','00:0a:41:19:1e:40','ec:35:86:4e:9a:16',NULL),('52938','18:67:b0:3c:14:77','c8:f7:33:cd:a5:b9',NULL),('52939','00:0a:41:19:1e:40','4c:8d:79:ef:09:1c',NULL),('52940','10:dd:b1:b8:16:6d','00:00:0c:07:ac:b0',NULL),('53230','b8:ca:3a:85:7a:77',NULL,NULL),('53231','b8:ca:3a:85:7c:f7',NULL,NULL),('53232','b8:ca:3a:85:7d:2e',NULL,NULL),('53233','b8:ca:3a:85:79:0f',NULL,NULL),('53234','b8:ca:3a:85:7d:26',NULL,NULL),('53235','b8:ca:3a:85:7d:35',NULL,NULL),('53236','b8:ca:3a:85:7c:86',NULL,NULL),('53237','b8:ca:3a:85:7d:4a',NULL,NULL),('53238','b8:ca:3a:85:7c:7b',NULL,NULL),('53239','b8:ca:3a:85:7d:1d',NULL,NULL),('53240','b8:ca:3a:7e:d1:a1',NULL,NULL),('53241','b8:ca:3a:85:7c:8d',NULL,NULL),('53297','e0:d8:55:d7:87:55','60:6c:66:60:91:31',NULL),('53373',NULL,'98:fe:94:61:e1:6a',NULL),('53374',NULL,'04:e5:36:28:c2:b0',NULL),('53375',NULL,'04:e5:36:29:1c:48',NULL),('53376',NULL,'04:e5:36:22:64:cf',NULL),('53377','10:dd:b1:bc:02:66','28:cf:e9:57:90:79',NULL),('53378','10:dd:b1:bb:e5:79','28:cf:e9:54:8f:1b',NULL),('53379','00:0a:41:19:1e:40','ec:35:86:3f:6b:e8',NULL),('53380','10:dd:b1:b7:00:b6','ec:35:86:3f:c5:90',NULL),('53381',NULL,'84:38:35:61:a0:5a',NULL),('53382','10:22:b1:2b:eb:96','ec:35:86:53:ad:28',NULL),('53383',NULL,'04:e5:36:41:74:95',NULL),('53425','10:dd:b1:9d:51:d8','8c:2d:aa:5a:40:01',NULL),('53426','10:dd:b1:ce:e7:49','ec:35:86:50:23:f8',NULL),('53427','a8:20:66:32:e0:d4','ec:35:86:42:1f:4c',NULL),('53428','00:02:41:19:1e:40','ec:35:86:45:97:32',NULL),('53429','00:0a:41:19:1e:40','ec:35:86:50:8a:00',NULL),('53430','00:0a:41:19:1e:40','ec:35:86:45:94:56',NULL),('53431','00:0a:41:19:1e:40','ec:35:86:49:e8:22',NULL),('53432',NULL,'00:00:0c:07:ac:79',NULL),('53438','00:0a:41:19:1e:40','ec:35:86:37:c7:34',NULL),('53439','10:dd:b1:be:f1:2f','ec:35:86:37:8c:0a',NULL),('53540','b8:ca:3a:ad:8a:15',NULL,NULL),('53541','b8:ca:3a:a2:99:48',NULL,NULL),('62033','40:6C:8F:27:49:44','7C:C3:A1:AE:CA:11',NULL);
/*!40000 ALTER TABLE `eq_network` ENABLE KEYS */;
UNLOCK TABLES;

--
-- Table structure for table `eq_notes`
--

DROP TABLE IF EXISTS `eq_notes`;
/*!40101 SET @saved_cs_client     = @@character_set_client */;
/*!40101 SET character_set_client = utf8 */;
CREATE TABLE `eq_notes` (
  `notes` text NOT NULL,
  `tag_num` char(5) NOT NULL,
  PRIMARY KEY (`tag_num`)
) ENGINE=InnoDB DEFAULT CHARSET=latin1;
/*!40101 SET character_set_client = @saved_cs_client */;

--
-- Dumping data for table `eq_notes`
--

LOCK TABLES `eq_notes` WRITE;
/*!40000 ALTER TABLE `eq_notes` DISABLE KEYS */;
INSERT INTO `eq_notes` VALUES ('sewing machine','11588'),('Bubba','14158'),('camera','14655'),('sewing machine','15074'),('008369','15086'),('VHS Player','18460'),('sewing machine','20037'),('keyboard','20149'),('Video Cassette Recorder','21062'),('TV','21602'),('synthesizer','22289'),('Video Cassette Recorder','22616'),('Video Cassette Recorder','22619'),('Marked UH60','23792'),('Laser disc player','24124'),('Laser disc player','24126'),('VHS','24347'),('Fax printer','24751'),('TV','25917'),('Color Laser Printer Ancient','27415'),('TV VHS','29126'),('ChromaPro 45','29127'),('raid storage ','30480'),('projector','30529'),('Photocopier','30629'),('air cleaner','30989'),('slide projector','31047'),('sewing machine','33124'),('2442 4 Bus Mixing Console','33135'),('Digital audio recorder','33191'),('Network attached storage device TASNAP','33471'),('video imager','33551'),('organ','33912'),('Custom with Canopus audio output and Sony DV drive','33964'),('UPS','34009'),('laptop','34222'),('IP 139 182 62 15','34530'),('Library Pilot #3','34702'),('Bonneville','34731'),('thunderbolt','34732'),('video imager','34779'),('video imager','34828'),('Projector','34874'),('Projector','34930'),('Mini DV recorder','35056'),('meeting maker server','35063'),('Copier','35431'),('sewing machine','35833'),('does not boot','35960'),('time stamp','36009'),('54 2 printing error','36136'),('Brother Ptouch QL550','36143'),('not plugged in','36157'),('no admin account','36166'),('does not boot','36399'),('needs flat screen monitor','36413'),('copier','36963'),('139 182 60 168','37034'),('GX240 is a thin client','37434'),('Ta cd server','37866'),('Scene Shop','38305'),('1','38306'),('Mikrotek ScanMaker X12 USL','38310'),('4','38311'),('HP Deskjet 3845 ','38313'),('3','38318'),('HP Scanjet 4670','38323'),('HP Laserjet 1020','38324'),('no graphics card','38326'),('HP Scanjet 5400c','38330'),('Canon LiDE 60','38333'),('HP Scanjet 4070 Photosmart Scanner and Canon LiDE 70 Scanner','38341'),('Smart Label Printer 200','38346'),('CanoScan Lide70','38347'),('Needs flat screen monitor','38354'),('Smart Label Printer 240','38356'),('Needs flat screen monitor','38358'),('HP Deskjet D2360','38360'),('2','38391'),('Canon CanoScan LiDE 25','38396'),('Shares office with Phil Nist Epson Stylus C84','38398'),('UH05524','38485'),('Needs flat screen monitor','38666'),('HP ScanJet 5400C','38668'),('UH05520','39001'),('UH05517','39002'),('UH05502','39003'),('UH05503','39005'),('UH05509','39008'),('UH05516','39009'),('UH05501','39010'),('UH05515','39011'),('UH05519','39012'),('UH05521','39014'),('UH05518','39015'),('UH05525','39017'),('UH05526','39018'),('UH05512','39023'),('UH05522','39027'),('UH05513','39032'),('UH05506','39036'),('UH05523','39037'),('UH05514','39038'),('UH05511','39040'),('UH05504','39041'),('UH05507','39043'),('UH05505','39044'),('UH05508','39047'),('UH05510','39048'),('Canon CanoScan LiDE90','39145'),('Canon CanoScan LIDE 35','39159'),('Smart Label Printer 200','39166'),('Microtek ScanMaker X12USL','39167'),('Needs flat screen monitor HP ScanJet 5400c','39266'),('CS2 and HP ScanJet 5300C','39619'),('LCD Projector','40273'),('Projector with cart and VHS','40274'),('file server for art  vrc \neth2 000a9535cb77','40391'),('Xserve 2','40392'),('not active','40393'),('Xserve 1','40395'),('radmind images 000a9535cd45','40396'),('Attached via parallel to cadpa227','40558'),('17 Studio Display with no tag','40681'),('Dymo Labelwriter 330 Viewsonic 22inch lcd','40758'),('Dymo LabelWriter Turbo 330','40762'),('Epson Perfection 4990 Photo','40780'),('Epson Perfection 2480 Photo scanner','40817'),('Smart Label Printer 200','40840'),('music file server','40841'),('zoomtext Smart Label Printer 200','40842'),('Dymo LabelWriter 400','40845'),('super flash','41034'),('Needs flat screen monitor','41057'),('17 Studio Display with no tag','41070'),('DHCP for Microphone system','41088'),('projector','41124'),('Vectorworks license server 53 158','41144'),('Theatre Lab print and file server cadpa227','41284'),('slide scanner','41351'),('Editor station','42129'),('projector','42294'),('used with projector 42294','42295'),('Brother HL2040 Laser Printer','42428'),('PowerPC','42429'),('No admin account','42508'),('PowerPC','42520'),('Smart Label Printer 200 Canon CanoScan LiDE25','42528'),('HP Scanjet 4670 Smart Label Printer 220','42628'),('copier','42696'),('CanoScan LiDe60','42892'),('Dymo Labelwriter Twin Turbo','42895'),('1','43076'),('2','43077'),('3','43078'),('4','43079'),('5','43080'),('6','43261'),('7','43262'),('8','43263'),('9','43264'),('10','43265'),('11','43266'),('12','43267'),('13','43268'),('14','43269'),('15','43270'),('16','43271'),('17','43272'),('18','43273'),('19','43274'),('20','43275'),('21','43276'),('22','43277'),('23','43278'),('24','43279'),('25','43280'),('26','43281'),('PowerPC','43283'),('Brother Ptouch QL550','43348'),('Dymo LabelWriter 400 Turbo','43350'),('HP Color Laserjet 2605dn CNGC7198BC 0017088bd09d','43407'),('Brother QL550','43408'),('Camera 3','43787'),('Camera','43788'),('Camera 1','44016'),('loaner','44178'),('CD duplicator','44334'),('Fujitsu Scan Snap 9510','44344'),('property tag is missing','44747'),('2 x 22 Viewsonic Monitors','44758'),('139 182 60 6','44809'),('Fujitsu ScanSnap PDF Scanner','44881'),('Microtek ScanMaker 4800 2nd ethernet mac address 0017f20253eb','44887'),('Epson Perfection 2480 Photo','44888'),('Smart Label Printer 200 Viewsonic 22inch monitor','44892'),('KVM Switch','44931'),('Xtemplate 62 17','45028'),('Tagged Pa13306 36 and 23\" Cinema Display 2A6520RXUG0','45528'),('Dymo LabelWriter Turbo 330','45538'),('TV','45558'),('Smart Label Printer 200','45562'),('Local Matters TV Show','45604'),('copier','45705'),('No computer in office uses own laptop','45706'),('Jammed','45707'),('hooked up to PA133 10 40','45751'),('washing machine','45753'),('washing machine','45754'),('Sorenson VRS VP 200 139 182 162 160 ','45810'),('Camcorder','45814'),('6','45901'),('5','45902'),('1','45903'),('7','45904'),('8','45905'),('18','45906'),('12','45907'),('11','45908'),('15','45909'),('9','45910'),('10','45911'),('13','45912'),('14','45913'),('19','45961'),('20','45962'),('17','45963'),('Teacher console','45964'),('16','45965'),('21','45966'),('2','45969'),('3','45970'),('4','45971'),('24inch Dell Monitor','46057'),('22 SyncMaster 226BW Samsung monitor','46064'),('Smart Label Printer 240 CanoScan Lide 60','46080'),('Was marked as disposed but found in Dr Choi office\nWas reinstated by Charlene in Property Mgmt','46094'),('139 182 63 11','46101'),('Has an additional property tag 46376','46177'),('teacher console','46178'),('Mac Mini at home info NA','46321'),('HP Scanjet G4050','46360'),('Used to belong to Kevin Moffett','46366'),('Logitech web cam','46370'),('projector','46375'),('small form','46384'),('iMac PowerMac6 1','46389'),('Smart Label Printer 200','46405'),('firebird','46407'),('Tagged Pa13314 44 and 23 Cinema Display 2A6520RAUG0','46441'),('Tagged PA13313 43 and 23\" Cinema Display 2A6520QZUG0','46442'),('Tagged PA13305 35 and Dell standard display','46443'),('Tagged PA13307 37 and 23\" Cinema Display 2A6520R3UG0','46444'),('Tagged PA13308 38 and 23\" Cinema Display 2A6520RFUG0','46445'),('2nd eth 00:17:f2:06:14:77','46446'),('Tagged PA13309 39 and 23\" Cinema Display 2A6520RCUG0','46447'),('Tagged PA13315 45 and 23\" Cinema Display 2A6520QYUG0','46448'),('Tagged PA13316 46 and 23\" Cinema Display 2A6520QXUG0','46449'),('Tagged Pa13317 47 and has Dell standard monitor','46450'),('Tagged PA133 18 and 23\" Cinema Display ','46451'),('Tagged PA133 02 30 and 23\" Cinema Display 2A6520RWUG0','46453'),('Tagged PA13303 33 and 23\" Cinema Display 2A6520V5UG0','46454'),('Tagged PA13304 34 and 23\" Cinema Display 2A6520RBUG0','46455'),('number is torn off','46482'),('Tagged PA13311 41 and 23\" Cinema Display 2A6520QVUG0','46489'),('Tagged PA13312 42 and 23\" Cinema Display 2A6520RRUG0','46490'),('Canon CanoScan 4400F','46649'),('AOL','46650'),('Canon CanoScan ','47515'),('small form','47545'),('small form','47546'),('small form','47547'),('small form','47548'),('projector','48782'),('Gone to China with Rong','48961'),('twentyone and one half inch screen','49603'),('World Language Lab','49607'),('World Language Lab','49608'),('Purchased with CUP grant','49749'),('i7 23GHz 4GB 500HDD','51401'),('i7 23GHz 4GB 500 HDD','51402'),('i7 26GHz 8GB CTO','51404'),('i7 26GHz 8GB 750HDD','51405'),('i7 23GHz 4GB 500HDD','52045'),('i7 26GHz 8GB CTO','52046'),('i7 24GHz 4GB 750HDD','52047'),('i7 26GHz 8GB CTO','52048'),('i7 25GHz 4GB 500HDD','52049'),('i7 26GHz 8GB 750HDD','52051'),('i7 26GHz 8GB 750HDD','52053'),('i5 25GHz 4GB 500HDD','52055'),('21 Inch 25GHz 4GB 500HDD','52056'),('World Language Lab','52057'),('World Language Lab','52058'),('World Language Lab','52059'),('World Language Lab','52060'),('World Language Lab','52061'),('World Language Lab','52062'),('AppleCare Support Number 804049360258752','52068'),('Small form factor','52240'),('Small form factor','52625'),('Small form factor','52626'),('Small form factor','52627'),('Small form factor','52628'),('final cut pro and cs6','52882'),('final cut pro and cs6','52883'),('final cut pro and cs6','52884'),('final cut pro and cs6','52885'),('final cut pro and cs6','52886'),('final cut pro and cs6','52887'),('final cut pro and cs6','52888'),('final cut pro and cs6','52889'),('final cut pro and cs6','52890'),('final cut pro and cs6','52891'),('final cut pro and cs6','52892'),('final cut pro and cs6','52893'),('final cut pro and cs6','52894'),('final cut pro and cs6','52895'),('final cut pro and cs6','52896'),('final cut pro and cs6','52897'),('final cut pro and cs6','52898'),('final cut pro and cs6','52899'),('final cut pro and cs6','52900'),('final cut pro and cs6','52901'),('final cut pro and cs6','52902'),('0000034822','52910'),('po 0000034822','52911'),('po 0000034822','52912'),('po 0000034822','52913'),('po 0000034822','52914'),('po 0000034822','52915'),('po 0000034822','52916'),('po 0000034822','52917'),('po 0000034822','52918'),('po 0000034822','52919'),('po 0000034822','52920'),('po 0000034822','52921'),('po 0000034822','52922'),('po 0000034822','52923'),('po 0000034822','52924'),('po 0000034822','52925'),('po 0000034822','52926'),('po 0000034822','52927'),('po 0000034822','52928'),('po 0000034822','52929'),('po 0000034822','52930'),('po 0000034822','52931'),('po 0000034822','52932'),('po 0000034822','52933'),('Computer Lab','53232'),('Computer Lab','53234'),('Communications Office','53238'),('Originally it goes to Rachel but Rachel gave it to SA ','53240');
/*!40000 ALTER TABLE `eq_notes` ENABLE KEYS */;
UNLOCK TABLES;

--
-- Table structure for table `eq_printer`
--

DROP TABLE IF EXISTS `eq_printer`;
/*!40101 SET @saved_cs_client     = @@character_set_client */;
/*!40101 SET character_set_client = utf8 */;
CREATE TABLE `eq_printer` (
  `printer` varchar(45) NOT NULL,
  `tag_num` char(5) NOT NULL,
  PRIMARY KEY (`tag_num`)
) ENGINE=InnoDB DEFAULT CHARSET=latin1;
/*!40101 SET character_set_client = @saved_cs_client */;

--
-- Dumping data for table `eq_printer`
--

LOCK TABLES `eq_printer` WRITE;
/*!40000 ALTER TABLE `eq_printer` DISABLE KEYS */;
INSERT INTO `eq_printer` VALUES ('HP Deskjet 3845','36405'),('HP Deskjet D2330','36413'),('HP Deskjet D4160','37434'),('HP Deskjet D2360','38305'),('HP Laserjet 4000N','38309'),('HP Deskjet 3940','38310'),('HP Laserjet 1200','38312'),('HP Laserjet P2015dn','38313'),('HP Deskjet 672C','38315'),('HP Deskjet 5550','38320'),('HP Laserjet 1200','38321'),('HP Deskjet 5740','38323'),('HP Deskjet 5550','38325'),('HP Deskjet 5150','38328'),('HP Deskjet D2330','38329'),('HP Deskjet D2330','38330'),('HP Deskjet D2360','38331'),('HP Deskjet 5150','38332'),('HP Laserjet 5L','38333'),('HP Deskjet D2360','38334'),('HP Deskjet 3847','38340'),('HP Deskjet 5440','38342'),('HP Deskjet 5440','38344'),('HP Deskjet 5440','38345'),('HP Deskjet 5440','38346'),('HP Deskjet D2330','38347'),('HP Deskjet 5440','38351'),('HP Deskjet 5150','38354'),('HP Deskjet 5440','38357'),('HP Deskjet  940c','38358'),('HP Deskjet 5440','38359'),('HP Deskjet 5440','38369'),('HP Deskjet 5440','38370'),('HP Deskjet 5440','38374'),('HP Laserjet 1200','38375'),('HP Deskjet D4260','38393'),('HP Deskjet 3847','38394'),('HP Deskjet 5440','38395'),('HP Deskjet 3845','38396'),('HP Deskjet 5940','38398'),('HP Deskjet 5440','38399'),('HP Deskjet D2330','38402'),('HP Deskjet 940c','38665'),('HP Deskjet 895Cse','38666'),('HP Deskjet 5550','38668'),('HP Deskjet D2330','39144'),('HP Deskjet D2330','39145'),('HP Deskjet 810c','39159'),('HP DeskJet 648C','39160'),('HP Deskjet 960c','39161'),('HP Deskjet D2330','39164'),('HP Deskjet 5440','39165'),('HP Deskjet D2330','39166'),('HP Deskjet 940c','39167'),('HP Deskjet 940c','39266'),('HP Deskjet D2330','39515'),('HP Laserjet P1005','39721'),('HP Deskjet 940c','40161'),('HP Deskjet 3845','40681'),('HP Deskjet 5150','40755'),('HP Deskjet 5650','40758'),('HP Deskjet 940c','40759'),('HP Deskjet 5550','40760'),('HP Deskjet D2530','40761'),('HP Deskjet 5550','40762'),('HP Deskjet 940c','40765'),('HP Deskjet 5550','40805'),('HP Deskjet 5150','40839'),('HP OfficeJet Pro L7689 ','40840'),('HP Deskjet 940c','40842'),('HP Deskjet 5150','40844'),('HP Deskjet 935C','40948'),('HP Deskjet 940c','41057'),('HP Deskjet 5550','41070'),('HP Deskjet 3847 Epson SC1100','41284'),('HP Deskjet 940c','42428'),('HP Deskjet 970Cse','42429'),('HP Deskjet 5740','42508'),('HP Deskjet 5440','42520'),('HP Deskjet 5550','42527'),('HP Deskjet 3845','42528'),('HP Deskjet 6840','42628'),('HP Deskjet 3845','42890'),('HP Deskjet D4260','42891'),('HP Deskjet 5550','42892'),('HP Deskjet 3845','42893'),('HP Deskjet 5440','42894'),('HP Laserjet 1000 series','42895'),('HP Deskjet 940c','43283'),('HP Deskjet 940c','43284'),('HP Deskjet D2330','43345'),('HP Deskjet D2360','43346'),('HP Laserjet 1200','43347'),('HP Officejet 5519','43348'),('HP Deskjet 3845','43349'),('HP Deskjet 3847','43350'),('HP Deskjet 960c','43351'),('HP Deskjet 970Cxi','43407'),('HP Deskjet 460','43408'),('HP Laserjet 6MP','44160'),('HP Deskjet 940c','44171'),('HP Deskjet 5740','44343'),('HP Deskjet 5740','44344'),('HP PCS 1315 all in one','44542'),('HP Deskjet 3845','44620'),('HP Deskjet D2330','44749'),('HP Laserjet 1020','44881'),('HP Deskjet 940c','44882'),('HP Deskjet 5550','44887'),('HP Color Laserjet 2550L','44888'),('HP Deskjet 3940','44889'),('HP Deskjet 3940','44890'),('HP Deskjet 940c','44892'),('HP Deskjet D2430','45148'),('HP Deskjet 3845','45538'),('HP Deskjet D2330','45562'),('HP Deskjet 960c','45603'),('HP Deskjet 4260','45718'),('HP DeskJet D2360','45805'),('HP Deskjet 3940','45808'),('HP deskjet 5650','45810'),('HP Deskjet 5550','45815'),('HP PSC 1610 All in One','46057'),('HP Deskjet D2330','46064'),('HP Deskjet D2330','46079'),('HP Deskjet 5440','46081'),('Epson Stylus C84','46082'),('HP Deskjet D2360','46083'),('HP Deskjet D2330','46084'),('HP Deskjet D2360','46085'),('HP Deskjet D2360','46086'),('HP Deskjet 6988','46089'),('HP Deskjet D2330','46093'),('HP Deskjet D4260','46188'),('HP Deskjet D4260','46360'),('HP Deskjet D4260','46369'),('HP Deskjet D4260','46370'),('HP Deskjet D4260','46371'),('HP Deskjet D4260','46372'),('HP Deskjet 3845','46383'),('HP Laserjet P1006','46385'),('HP Deskjet 5740','46389'),('Epson R280','46392'),('HP Deskjet 935C','46403'),('HP Deskjet 960c','46404'),('HP Deskjet D2360','46405'),('HP Deskjet D2330','46649'),('HP Deskjet 3845','46650'),('HP Deskjet 5550','47515'),('HP Deskjet D4260','47545'),('HP DeskJet 3845','48949'),('HP LaserJet 1200 series','49515'),('HP DeskJet 2660','49602');
/*!40000 ALTER TABLE `eq_printer` ENABLE KEYS */;
UNLOCK TABLES;

--
-- Table structure for table `equipment`
--

DROP TABLE IF EXISTS `equipment`;
/*!40101 SET @saved_cs_client     = @@character_set_client */;
/*!40101 SET character_set_client = utf8 */;
CREATE TABLE `equipment` (
  `tag_num` char(5) NOT NULL,
  `serial` varchar(45) NOT NULL,
  `make` varchar(45) NOT NULL,
  `model` varchar(45) NOT NULL,
  `department` varchar(45) NOT NULL,
  `location` varchar(3) NOT NULL,
  `building` varchar(45) NOT NULL,
  `room_num` varchar(45) NOT NULL,
  `purchase_id` int(11) NOT NULL,
  PRIMARY KEY (`tag_num`)
) ENGINE=InnoDB DEFAULT CHARSET=latin1;
/*!40101 SET character_set_client = @saved_cs_client */;

--
-- Dumping data for table `equipment`
--

LOCK TABLES `equipment` WRITE;
/*!40000 ALTER TABLE `equipment` DISABLE KEYS */;
INSERT INTO `equipment` VALUES ('','','','','','','','',0),('10919','Unknown','Henri Selmer','Clarinet','Music','on','PA','129',40),('10946','Unknown','King','Horn','Music','on','PA','129',9),('10947','Unknown','King','Horn','Music','on','PA','129',9),('11560','Unknown','Moeck','Horn','Music','on','PA','129',9),('11587','Unknown','Signet','Clarinet','Music','on','PA','129',40),('11588','Unknown','Pfaff','138 6','Theatre Arts','on','PA','134',9),('11817','Unknown','Herwiga Rex','Flute','Music','on','PA','129',40),('11818','Unknown','Moeck','Horn','Music','on','PA','129',9),('11819','Unknown','Moeck','Horn','Music','on','PA','129',9),('13093','Unknown','Kenwood','KA 3500','Music','on','PA','108',40),('13115','520925','Kenwood','KA 3500','Music','on','PA','131',9),('13387','Unknown','Moeck','Horn','Music','on','PA','129',9),('13388','Unknown','Moeck','Horn','Music','on','PA','129',9),('13389','Unknown','Moeck','Horn','Music','on','PA','129',9),('13991','Unknown','Moeck','Flute','Music','on','PA','129',9),('14158','Unknown','Unknown','Saxophone','Music','on','PA','129',40),('14320','Unknown','Benge','Horn','Music','on','PA','129',40),('14321','Unknown','Denon','LP player','Music','on','PA','108',40),('14655','Unknown','Nikon','FM 3022786','Art','on','VA','201',9),('14699','76261','Conn','Strobotuner','Music','on','PA','129',42),('15074','F0543744','Brother','MA4 B551','Theatre Arts','on','PA','134',9),('15086','Unknown','Unknown','Trombone','Music','on','PA','129',40),('16170','A0106529','Music Man','HD150','Music','on','PA','129',40),('16171','19645','Music Man','115RH','Music','on','PA','129',40),('17496','5412625768','Onkyo','A 8017','Music','on','PA','124B',9),('17551','41204527','dbx','224X','Music','on','PA','129',40),('18460','K5SA40129','Panasonic','PV 1535','World Languages','on','UH','009',15),('18470','18630505','Otari','MX5050BQ','Music','on','PA','129',40),('18764','Unknown','Polaroid','Spectra System','Art','on','VA','201',40),('19704','18750408','Otari','MX5050','Music','on','PA','129',40),('20037','119736','Pfaff','138','Theatre Arts','on','PA','134',9),('20046','0581751','Emax','1020','Music','on','PA','129',40),('20149','Unknown','Yamaha','KX88','Music','on','PA','130',9),('20343','Unknown','Yamaha','Saxophone','Music','on','PA','129',9),('21041','F945503802','Apple','Macintosh SE','Music','on','PA','129',41),('21062','15535','Sony','BVU 950','Communications','on','UH','025',40),('21166','18900180','Otari','MX 55','Music','on','PA','130',9),('21459','1742108','dbx','F 900 A','Music','on','PA','129',40),('21573','T00DC00021','Ampeg','SVT 350T','Music','on','PA','129',9),('21574','BB34102','Roland','JC 120','Music','on','PA','129',9),('21602','AS02280255','Panasonic','CT 2790VY','Music','on','PA','130',40),('22289','ZC43404','Roland','JD800','Music','on','PA','130',9),('22486','360148 931','Tascam','DA30','Music','on','PA','124B',9),('22616','A2TB00168','Panasonic','AG7350','Communications','on','UH','025',40),('22619','B2TC00509','Panasonic','AG7350','Communications','on','UH','025',40),('23792','9000AJD','3M','9080 Overhead Projec','Communications','on','UH','038',10),('24124','ME 3960734','Pioneer','LO V2200','World Languages','on','UH','007',9),('24126','NA 3966461','Pioneer','LO V2200','World Languages','on','UH','007',9),('24347','K4KD00024','Panasonic','AG 2530','World Languages','on','UH','007',10),('24751','4510882X','Sharp','UH 3200','English','on','UH','301.24',3),('25391','H19610','Mackie','24 8 Mixing Console','Music','on','PA','130',9),('25570','MZ019520200229','Marantz','PMD510 U','Music','on','PA','131',9),('25738','Unknown','Nakamichi','670ZX','Music','on','PA','131',3),('25742','OY01162','Yamaha','Rev 5 Digital Reverb','Music','on','PA','129',9),('25916','FC5313ED44K','Apple','Power Mac 7100','World Languages','on','UH','007',10),('25917','MY42210023','Quasar','SXT5135J','World Languages','on','UH','009',14),('27415','jgy02056','Canon','CLBP360','Theatre Arts','on','PA','227',26),('28063','Unknown','Yamaha','Horn','Music','on','PA','129',9),('28495','USBB090686','HP','Laserjet 6MP','Music','on','PA','124',9),('28841','9307829','Kawai','Digital Piano PN60','Music','on','PA','133',19),('28842','9307818','Kawai','Digital Piano PN60','Music','on','PA','133',19),('28843','9307841','Kawai','Digital Piano PN60','Music','on','PA','133',19),('28844','9307816','Kawai','Digital Piano PN60','Music','on','PA','133',3),('28846','9307817','Kawai','Digital Piano PN60','Music','on','PA','133',19),('28847','9307824','Kawai','Digital Piano PN60','Music','on','PA','133',19),('28848','9306017','Kawai','Digital Piano PN60','Music','on','PA','133',2),('28849','Unknown','Kawai','Digital Piano PN60','Music','on','PA','133',9),('28850','9307840','Kawai','Digital Piano PN60','Music','on','PA','133',19),('29049','CA6510035','Panasonic','PT L291U','Philosophy','on','UH','052',12),('29116','USBB084589','HP','Laserjet 6MP','Art','on','VA','201',3),('29126','17AA20089','Panasonic','AG 520C','Art','on','VA','201',9),('29127','97 06 0209','Buyers Industries Inc','FO1 21450','Art','on','VA','201',9),('30480','SPE05 1371G8','Hammer','SLPRO4','Art','on','VA','201',12),('30529','804312361','Sharp','XG NV3XU','Art','on','VA','201',9),('30629','86218689','Sharp','SF7350','Theatre Arts','on','PA','227',26),('3090','Unknown','Resonans','Violin','Music','on','PA','129',9),('30989','Unknown','Hartford 2000','AF 3','Art','on','VA','201',4),('31047','174400','Kodak','Ektagraphic III AMT','English','on','UH','301.40',9),('32034','D25HX0X3DHJT','Apple','iMac 21\"','Art','on','PA','201D',93),('32035','D25HX0WVDHJW','Apple','iMac 27\"','Art','on','VA','112',93),('32036','C02HK1QXDHJN','Apple','iMac 21\"','English','on','UH','053',93),('33124','34682674','Pfaff','Tipmatic 6122','Theatre Arts','on','PA','134',9),('33135','t52493','Mackie','SR24 4','Communications','on','UH','025',3),('33191','2D6927622','Alesis','Adat Type II','Music','on','PA','130',9),('33329','8283','Gebrder Mnning','English Horn','Music','on','PA','129',9),('33337','XB92402U GT1 GT1','Apple','iMac G3','World Languages','on','UH','007',9),('33463','AG36174','Mackie','HR824','Music','on','PA','124',4),('33469','AG36748','Mackie','HR824','Music','on','PA','130',9),('33470','AG36749','Mackie','HR824','Music','on','PA','130',9),('33471','31794','Snap','Snap','Theatre Arts','on','PA','227',9),('33525','SKPP021174UC','Pioneer','CLD V880','Music','on','PA','129',9),('33551','95Z00129','Panasonic','WE MV180A','Art','on','VA','201',9),('33597','8G1900XGHY','Apple','PowerMac G3','Music','on','PA','124',9),('33603','AK11748','Mackie','HI Human User Interf','Music','on','PA','129',4),('33912','1305e359912847','Johannus','Opus 30','Music','on','PA','131',9),('33961','UL300 35 99','Johannus','UL300','Music','on','PA','131',9),('33964','Unknown','Unknown','Unknown','Theatre Arts','on','PA','114',3),('34009','NB9916161746','APC','BK650M','English','on','UH','301.44',3),('34201','Y516K','Dell','Inspiron 7500','CAL','on','UH','047A',39),('34222','10370291U 1','Toshiba','PAP311U T2W8','CAL','on','UH','047',9),('34343','YM0124A2 J88 ff01','Apple','iMac G3','World Languages','on','UH','007',10),('34530','USGH014866','HP','Laserjet 8000N','World Languages','on','UH','007',17),('34702','9GNX00B','Dell','Optiplex GX110','World Languages','on','UH','008',9),('34705','66NX00B','Dell','Optiplex GX110','World Languages','on','UH','008',9),('34731','BRJT00B','Dell','PowerEdge 4400','CAL','on','UH','047',3),('34732','CRJT00B','Dell','PowerEdge 4400','CAL','on','UH','047',17),('34779','99ZZ0265','Panasonic','WE MV180A','Art','on','VA','201',9),('34828','96Z00189','Panasonic','WE MV180A','Art','on','VA','201',9),('34843','40E224886','Proxima','Desktop Projector 68','Music','on','PA','124',9),('34849','40F095155','Proxima','Desktop Projector 68','Music','on','PA','131',9),('34868','JCTV00B','Dell','PowerEdge 4400','CAL','on','UH','047',17),('34874','005317682','Sharp','XG NV5XB','English','on','UH','047',4),('34906','XBO262EKJ2S','Apple','Power Mac G4','CAL','on','UH','047A',3),('34930','808319889','Sharp','XGNV2U','Theatre Arts','on','PA','227',26),('35056','1100987','Sony','DCR TRV900 NTSC','CAL','on','UH','047A',3),('35063','2SD5101','Dell','PowerEdge 2450','CAL','on','UH','047',3),('35115','XB0390DRJNX','Apple','PowerMac G4','Art','on','VA','201',3),('35116','XB0390DJJNX','Apple','PowerMac G4','Art','on','VA','201',3),('35431','38087','Ricoh','Aficio 220','Liberal Studies','on','CE','114F',9),('35601','33758','Ricoh','Aficio 220','Art','on','VA','105',9),('35659','JPNCB20392','HP','Color Laserjet 4550','World Languages','on','UH','314',9),('35724','41A253902','Proxima','Desktop Projector 68','Music','on','PA','131',9),('35833','34814221','Pfaff','Tipmatic 6122','Theatre Arts','on','PA','134',9),('35899','XB10907NJ3B','Apple','Power Mac G4','CAL','on','UH','047A',10),('35933','XB10907FJ3B','Apple','PowerMac G4','Music','on','PA','124',9),('35934','XB1080KJJ3B','Apple','PowerMac G4','Music','on','PA','124',9),('35937','XB1080KRJ3B','Apple','PowerMac G4','Music','on','PA','124',9),('35945','XB10907EJ38','Apple','PowerMac G4','Music','on','PA','219',9),('35959','XB1090B1J3B','Apple','PowerMac G4','Music','on','PA','124',9),('35960','XB1090A5J3B','Apple','Power Mac G4','CAL','on','UH','047A',9),('36009','480696','TEK','ARL E','English','on','UH','335',9),('36013','41A263987','Proxima','Desktop Projector 68','Music','on','PA','131',9),('36136','JPNCC27410','HP','Color Laserjet 4550N','Art','on','VA','105',3),('36143','B199J01','Dell','GX115','Art','on','VA','105',9),('36157','XB11527XKXR','Apple','PowerMac G4','Music','on','PA','129',3),('36166','PCGR505TEK','Sony','VAIO PCG6122','English','on','UH','301.34',9),('36392','XB1270JX KXS ff06','Apple','Power Mac G4','Communications','on','UH','401.01',20),('36399','QT1260EQLBW','Apple','PowerBook G4','CAL','on','UH','047A',3),('36400','BMPRP01','Dell','GX150','CAL','on','UH','047A',17),('36402','3MPRP01','Dell','GX150','CAL','on','UH','047A',17),('36405','GMPRP01','Dell','GX150','English','on','UH','301.17',17),('36406','DMPRP01','Dell','GX150','Music','on','PA','124B',9),('36413','CB0ZP01','Dell','GX150','Theatre Arts','on','PA','115',3),('36418','US 023JEEH 18820 164 8879','Dell','KVM Switch 0223EEH','CAL','on','UH','047',9),('36745','3WQVP01','Dell','Dimension 4100','Communications','on','UH','401.13',19),('36963','34035','Ricoh','Aficio 220','Communications','on','UH','020',9),('37034','JPPCH07881','HP','Color LaserJet 4550','Communications','on','UH','019',9),('37434','4SX2511','Dell','GX240','Communications','on','UH','401.15',3),('37492','JPC3018310','HP','Laserjet 5000GN','Art','on','VA','201',19),('37635','Unknown','Mackie','SRM450','Music','on','PA','131',9),('37636','Unknown','Mackie','SRM450','Music','on','PA','131',9),('37637','21CB87087','Mackie','SRM 450','Music','on','PA','129',3),('37866','0050c2120123','SuperCD','SuperCD','Theatre Arts','on','PA','227',9),('37946','2010500601','Primera','CD Color Printer','Music','on','PA','131',9),('38305','6phzg11','Dell','GX240','Theatre Arts','on','PA','143',3),('38306','2mhzg11','Dell','GX240','Theatre Arts','on','PA','227',3),('38307','2LHZG11','Dell','GX240','Communications','on','UH','201.19',3),('38308','3NHZG11','Dell','GX240','Communications','on','UH','201.08',3),('38309','8LHZG11','Dell','GX240','Communications','on','UH','401.14',3),('38310','9NHZG11','Dell','GX240','Theatre Arts','on','PA','216',3),('38311','9lhzg11','Dell','GX240','Theatre Arts','on','PA','227',3),('38312','CNHZG11','Dell','GX240','English','on','UH','301.44',3),('38313','BNHZG11','Dell','GX240','Liberal Studies','on','CE','114',3),('38315','FLHZG11','Dell','GX240','Communications','on','UH','201.10',3),('38316','4phzg11','Dell','GX240','Theatre Arts','on','PA','227',3),('38317','1nhzg11','Dell','GX240','Theatre Arts','on','PA','227',3),('38318','6nhzg11','Dell','GX240','Theatre Arts','on','PA','227',3),('38319','JMHZG11','Dell','GX240','CAL','on','UH','047A',3),('38320','SPFZG11','Dell','GX240','Philosophy','on','UH','401.28',3),('38321','BPFZG11','Dell','GX240','Music','on','PA','124',3),('38322','3QFZG11','Dell','GX240','Music','on','PA','124',3),('38323','BQFZG11','Dell','GX240','Communications','on','UH','201.23',3),('38324','JSFZG11','Dell','GX240','Communications','on','UH','401.11',3),('38325','3TFZG11','Dell','GX240','Communications','on','UH','201.07',3),('38326','7TFZG11','Dell','GX240','CAL','on','UH','047A',3),('38327','9TFZG11','Dell','GX240','CAL','on','UH','047A',3),('38328','GPFZG11','Dell','GX240','World Languages','on','UH','401.25',3),('38329','2VFZG11','Dell','GX240','World Languages','on','UH','401.36',3),('38330','5ZFZG11','Dell','GX240','English','on','UH','301.40',3),('38331','DPFZG11','Dell','GX240','Communications','on','UH','201.19',3),('38332','FTFZG11','Dell','GX240','Communications','on','UH','201.08',3),('38333','JPFZG11','Dell','GX240','Theatre Arts','on','PA','104',3),('38334','6PFZG11','Dell','GX240','Communications','on','UH','201.04',3),('38340','2JJ4H11','Dell','GX150','World Languages','on','UH','201.25',17),('38341','7LHZG11','Dell','GX240','Theatre Arts','on','PA','100',3),('38342','2PHZG11','Dell','GX240','English','on','UH','301.48',3),('38343','DJGZG11','Dell','GX240','English','on','UH','401.07',3),('38344','1PHZG11','Dell','GX240','English','on','UH','301.27',3),('38345','5LHZG11','Dell','GX240','English','on','UH','301.47',3),('38346','HMHZG11','Dell','GX240','English','on','UH','335',3),('38347','HLHZG11','Dell','GX240','Theatre Arts','on','PA','111',3),('38348','CLHZG11','Dell','GX240','English','on','UH','401.08',3),('38349','2NHZG11','Dell','GX240','CAL','on','UH','237',3),('38350','JLHZG11','Dell','GX240','English','on','UH','401.06',3),('38351','6LHZG11','Dell','GX240','English','on','UH','301.49',3),('38352','DKGZG11','Dell','GX240','English','on','UH','401.09',3),('38353','4QGZG11','Dell','GX240','English','on','UH','401.17',3),('38354','8JGZG11','Dell','GX240','Philosophy','on','UH','401.44',3),('38356','8KGZG11','Dell','GX240','World Languages','on','UH','314',3),('38357','CNGZG11','Dell','GX240','English','on','UH','301.30',3),('38358','6KGZG11','Dell','GX240','Philosophy','on','UH','401.47',3),('38359','2JGZG11','Dell','GX240','English','on','UH','301.09',3),('38360','GJGZG11','Dell','GX240','Communications','on','UH','401.12',3),('38367','7LGZG11','Dell','GX240','Communications','on','UH','201.01',3),('38369','BNGZG11','Dell','GX240','English','on','UH','301.11',3),('38370','FMGZG11','Dell','GX240','English','on','UH','401.05',3),('38371','6LGZ11','Dell','GX240','Theatre Arts','on','PA','105',3),('38372','JKGZG11','Dell','GX240','CAL','on','UH','047A',3),('38373','4ngzg11','Dell','GX240','Theatre Arts','on','PA','227',3),('38374','2LGZG11','Dell','GX240','English','on','UH','301.06',3),('38375','4MGZG11','Dell','GX240','Communications','on','UH','201.01',3),('38376','hlgzg11','Dell','GX240','Theatre Arts','on','PA','227',3),('38389','4LGZG11','Dell','GX240','Communications','on','UH','201.07',3),('38390','6NGZG11','Dell','GX240','English','on','UH','401.16',3),('38391','bmgzg11','Dell','GX240','Theatre Arts','on','PA','227',3),('38392','CNFZG11','Dell','GX240','Communications','on','UH','037',3),('38393','4NFZG11','Dell','GX240','Theatre Arts','on','PA','118',3),('38394','FNFZG11','Dell','GX240','Communications','on','UH','201.04',3),('38395','4PFZG11','Dell','GX240','English','on','UH','301.10',3),('38396','JNFZG11','Dell','GX240','Liberal Studies','on','CE','114E',3),('38398','HHJ4H11','Dell','GX150','Philosophy','on','UH','401.32',9),('38399','BHJ4H11','Dell','GX150','World Languages','on','UH','201.25',17),('38402','1ZLMH11','Dell','GX240','English','on','UH','301.20',3),('38485','G82239GYLL7','Apple','eMac','English','on','UH','055',34),('38665','XB2280UW M1X ff11','Apple','Power Mac G4','Communications','on','UH','401.10',3),('38666','XB2280UV-M1X-ff11','Apple','PowerPC G4','Philosophy','on','UH','401.30',3),('38668','XB2280UUMIX','Apple','Power Mac G4','Philosophy','on','UH','340',3),('39001','G82235G0LL7','Apple','eMac','English','on','UH','055',34),('39002','G82235FPLL7','Apple','eMac','English','on','UH','055',34),('39003','G82235FBLL7','Apple','eMac','English','on','UH','055',34),('39004','G82235GELL7','Apple','eMac','CAL','on','UH','047A',3),('39005','G82235FULL7','Apple','eMac','English','on','UH','055',34),('39008','G82235F5LL7','Apple','eMac','English','on','UH','055',34),('39009','G82229ATLL7','Apple','eMac','English','on','UH','055',34),('39010','G82235FDLL7','Apple','eMac','English','on','UH','055',34),('39011','G82235GKLL7','Apple','eMac','English','on','UH','055',34),('39012','G82235G5LL7','Apple','eMac','English','on','UH','055',34),('39014','G82229A0LL7','Apple','eMac','English','on','UH','055',34),('39015','G82235FQLL7','Apple','eMac','English','on','UH','055',34),('39017','G8222944LL7','Apple','eMac','English','on','UH','055',34),('39018','G82235GVLL7','Apple','eMac','English','on','UH','055',34),('39023','G82235FNLL7','Apple','eMac','English','on','UH','055',34),('39027','G82235G1LL7','Apple','eMac','English','on','UH','055',34),('39032','G82235G8LL7','Apple','eMac','English','on','UH','055',34),('39036','G82235GGLL7','Apple','eMac','English','on','UH','055',34),('39037','G8223BGGLL7','Apple','eMac','English','on','UH','055',34),('39038','G8223BGNLL7','Apple','eMac','English','on','UH','055',34),('39040','G8223BGRLL7','Apple','eMac','English','on','UH','055',34),('39041','G8223BGJLL7','Apple','eMac','English','on','UH','055',34),('39043','G82239HALL7','Apple','eMac','English','on','UH','055',34),('39044','G82239H2LL7','Apple','eMac','English','on','UH','055',34),('39047','G8223BGQLL7','Apple','eMac','English','on','UH','055',34),('39048','G8223BGHLL7','Apple','eMac','English','on','UH','055',34),('39141','24W1P11','Dell','Latitude C840','CAL','on','UH','047A',9),('39143','J13CP11','Dell','GX240','CAL','on','UH','047A',3),('39144','D13CP11','Dell','GX240','Communications','on','UH','018',3),('39145','423CP11','Dell','GX240','Music','on','PA','119',3),('39146','J23CP11','Dell','GX240','Music','on','PA','119',3),('39157','7SQCP11','Dell','GX240','CAL','on','UH','047A',3),('39158','1SQCP11','Dell','GX240','Communications','on','UH','037',3),('39159','DQQCP11','Dell','GX240','English','on','UH','401.18',3),('39160','1RQCP11','Dell','GX240','Music','on','PA','203',3),('39161','8RQCP11','Dell','GX240','Philosophy','on','UH','401.29',3),('39163','GQQCP11','Dell','GX240','CAL','on','UH','047A',3),('39164','3SQCP11','Dell','GX240','Music','on','PA','215',3),('39165','CSQCP11','Dell','GX240','English','on','UH','301.25',3),('39166','JSQCP11','Dell','GX240','English','on','UH','301.38',3),('39167','GRQCP11','Dell','GX240','Theatre Arts','on','PA','117',3),('39169','51ZBP11','Dell','GX240','CAL','on','UH','047A',3),('39266','8Z5SV21','Dell','GX260','Philosophy','on','UH','401.45',20),('39515','6YG7V21','Dell','GX260','World Languages','on','UH','201.40',20),('39619','1NSLZ21','Dell','GX240','Communications','on','UH','019',4),('39620','5M5LZ21','Dell','GX280','CAL','on','UH','047A',19),('39621','CM5LZ21','Dell','GX260','CAL','on','UH','047A',4),('39719','UV3160DENP4','Apple','PowerBook G4','CAL','on','UH','047A',17),('39721','40SHP21','Dell','GX260','Communications','on','UH','201.14',4),('39833','XB3240C0 N1W','Apple','Power Mac G4','English','on','UH','301.41',3),('39834','XB32408FN1W','Apple','Power Mac G4','Theatre Arts','on','PA','107',6),('40158','N53142PRNNF','Apple','Studio Display 17\"','Theatre Arts','on','PA','107',9),('40159','N53142PSNNF','Apple','Studio Display 17\"','English','on','UH','301.31',3),('40160','N53142PUNNF','Apple','Studio Display 17\"','Philosophy','on','UH','401.42',17),('40161','XB32206F N1W','Apple','Power Mac G4','Philosophy','on','UH','401.42',3),('40163','XB3220BBN1W','Apple','Power Mac G4','Music','on','PA','111',3),('40254','UV3141WOMRTFF13','Apple','Powerbook G4 12\"','World Languages','on','UH','008',20),('40273','808319756','Sharp','XG NV2U','CAL','on','UH','047A',26),('40274','808320089','Sharp','XGNV2U','CAL','on','PA','225',30),('40357','X13130T6NNF','Apple','Studio Display 17\"','CAL','on','UH','047A',4),('40358','Y13130TENNF','Apple','Studio Display 17\"','English','on','UH','301.41',3),('40391','QP33907RM98','Apple','Mac OS X Server','CAL','on','UH','047',4),('40392','QP3390B2NP2','Apple','Mac OS X Server','CAL','on','UH','047',20),('40393','QP339083NP2','Apple','Mac OS X Server','CAL','on','UH','047',20),('40394','QP3390B1NP2','Apple','Mac OS X Server','CAL','on','UH','047',20),('40395','QP3390BN4NP2','Apple','Mac OS X Server','CAL','on','UH','047',20),('40396','QP339080M98','Apple','Mac OS X Server','CAL','on','UH','047',4),('40497','XB34408RNVA','Apple','Mac Pro G5','CAL','on','UH','047A',4),('40558','sg0cu2200y','HP','DesignJet800PS','Theatre Arts','on','PA','227',3),('40598','UV4080PPPG','Apple','iBook G4','Art','on','VA','201',4),('40606','G84103CJPP1','Apple','eMac','Art','on','VA','201',4),('40626','Unknown','Tascam','MU24 Meter unit','Music','on','PA','131',9),('40627','Unknown','Tascam','DM24','Music','on','PA','131',9),('40681','XB4150B6Q6P','Apple','Power Mac G4','World Languages','on','UH','201.41',3),('40755','2Z0PT41','Dell','GX270','English','on','UH','301.34',4),('40756','80RPT41','Dell','GX270','Music','on','PA','111',13),('40757','GZQPT41','Dell','GX270','CAL','on','UH','047A',4),('40758','6ZQPT41','Dell','GX270','English','on','UH','301.23',4),('40759','50RPT41','Dell','GX270','English','on','UH','301.15',4),('40760','CZQPT41','Dell','GX270','RAFFMA','on','VA','104C',19),('40761','C0RPT41','Dell','GX270','Theatre Arts','on','PA','109',13),('40762','GYQPT41','Dell','GX270','Liberal Studies','on','CE','114',19),('40765','4ZQPT41','Dell','GX270','CAL','on','UH','237',4),('40780','YM420205RAG','Apple','Mac Pro','Art','on','VA','201',19),('40787','G7QL051','Dell','GX270','Communications','on','UH','037',4),('40788','B1QL051','Dell','GX270','Communications','on','UH','037',4),('40803','2A41624QNNF','Apple','Studio Display 17\"','Philosophy','on','UH','401.48',19),('40805','G8422DCENV9','Apple','Mac Pro G5 PowerPC','Philosophy','on','UH','401.48',19),('40813','F7QL051','Dell','GX270','Communications','on','UH','037',4),('40814','28QL051','Dell','GX270','Communications','on','UH','037',4),('40815','J7QL051','Dell','GX270','Communications','on','UH','037',4),('40816','38QL051','Dell','GX270','Communications','on','UH','037',4),('40817','97QL051','Dell','GX270','Communications','on','UH','037',4),('40839','7LMM251','Dell','GX270','English','on','UH','301.16',4),('40840','CKMM251','Dell','GX270','Philosophy','on','UH','339',13),('40841','1LMM251','Dell','GX270','Music','on','PA','124',19),('40842','5LMM251','Dell','GX270','Liberal Studies','on','CE','114',19),('40844','8LMM251','Dell','GX270','English','on','UH','301.28',4),('40845','3LMM251','Dell','GX270','Theatre Arts','on','PA','111',13),('40948','G8437NKMQPL','Apple','Mac Pro','Music','on','PA','211',2),('41034','WS0011005794','APC','Smart UPS 3000','CAL','on','UH','047',3),('41041','JPAKD06135','HP','Color LaserJet 4600','Philosophy','on','UH','339',13),('41057','BZ5SV21','Dell','GX270','Philosophy','on','UH','401.31',4),('41070','XB23602H MRN FF11','Apple','Power Mac G4','English','on','UH','301.05',3),('41088','FD7KZ21','Dell','Optiplex GX260','Theatre Arts','on','PA','144A',20),('41118','JPAKG05992','HP','Color Laserjet 4600','Liberal Studies','on','CE','114',19),('41123','1723123','Fellowes','Powershred 480','CAL','on','UH','213',4),('41124','305314031','Sharp','PG M20S','CAL','on','UH','237',19),('41144','XA121042K59','Apple','Power Mac G4 Cube','CAL','on','UH','047',9),('41191','NA','Yamaha','Trombone','Music','on','PA','129',4),('41220','CNDX403272','HP','Laserjet 4200','Music','on','PA','133',19),('41284','v133117227012','Vision','Server','Theatre Arts','on','PA','227',19),('41351','212550','Nikon','LS 5000 ED','Art','on','VA','201',19),('41352','200907','Nikon','SF 210','Art','on','VA','201',13),('42039','C02HRAC0DV33','Apple','MacBook Pro 15\"','Philosophy','on','UH','401.46',93),('42129','J9JYP71','Dell','GX280','Communications','on','UH','037',19),('42294','412321844','Sharp','Notevision PG A20X','RAFFMA','on','VA','104C',13),('42295','1CXWQ61','Dell','Latitude D600','RAFFMA','on','VA','104C',2),('42428','W850501APNY','Apple','iMac 17\"','World Languages','on','UH','201.48',2),('42429','W8505018PNY','Apple','iMac 17\"','World Languages','on','UH','201.46',13),('42508','92D3771','Dell','Optiplex 170L','English','on','UH','301.13',19),('42520','YM5151LQRHS','Apple','Mac Mini','English','on','UH','301.46',13),('42527','B0BV871','Dell','GX280','Theatre Arts','on','PA','114',3),('42528','70BV871','Dell','GX280','Liberal Studies','on','CE','114B',13),('42628','B5K5871','Dell','GX280','English','on','UH','301.33',19),('42679','FXRR771','Dell','Latitude 110L','English','on','UH','318',2),('42696','1815','Sharp','AR BC260','Music','on','PA','111',3),('42890','BDJYP71','Dell','GX280','World Languages','on','UH','201.47',19),('42891','1FJYP71','Dell','GX280','English','on','UH','301.07',19),('42892','HDJYP71','Dell','GX280','CAL','on','UH','237',13),('42893','4DJYP71','Dell','GX280','Music','on','PA','207',13),('42894','FDJYP71','Dell','GX280','English','on','UH','301.02',19),('42895','2FJYP71','Dell','GX280','World Languages','on','UH','314',13),('43076','8TYVN71','Dell','GX280','English','on','UH','047',19),('43077','GTYVN71','Dell','GX280','English','on','UH','047',19),('43078','9WYVN71','Dell','GX280','English','on','UH','047',19),('43079','GVYVN71','Dell','GX280','English','on','UH','047',19),('43080','2TYVN71','Dell','GX280','English','on','UH','047',19),('43261','4tYVN71','Dell','GX280','English','on','UH','047',19),('43262','2VYVN71','Dell','GX280','English','on','UH','047',19),('43263','FVYVN71','Dell','GX280','English','on','UH','047',19),('43264','HVYVN71','Dell','GX280','English','on','UH','047',19),('43265','GVYVN71','Dell','GX280','English','on','UH','047',19),('43266','4VYVN71','Dell','GX280','English','on','UH','047',19),('43267','3VYNV71','Dell','GX280','English','on','UH','047',19),('43268','HTYVN71','Dell','GX280','English','on','UH','047',19),('43269','5TYVN71','Dell','GX280','English','on','UH','047',19),('43270','8VYNV71','Dell','GX280','English','on','UH','047',19),('43271','7TYVN71','Dell','GX280','English','on','UH','047',19),('43272','DVYVN71','Dell','GX280','English','on','UH','047',19),('43273','9TYVN71','Dell','GX280','English','on','UH','047',19),('43274','5WYVN71','Dell','GX280','English','on','UH','047',19),('43275','3TYVN71','Dell','GX280','English','on','UH','047',19),('43276','2WYVN71','Dell','GX280','English','on','UH','047',19),('43277','DTYVN71','Dell','GX280','English','on','UH','047',19),('43278','BVYVN71','Dell','GX280','English','on','UH','047',19),('43279','BTYVN71','Dell','GX280','English','on','UH','047',19),('43280','FTYVN71','Dell','GX280','English','on','UH','047',19),('43281','9VYVN71','Dell','GX280','English','on','UH','047',13),('43283','YM5209L6RHU','Apple','Mac Mini','Communications','on','UH','201.24',2),('43284','YM5209LSRHU','Apple','Mac Mini PowerPC','English','on','UH','301.12',19),('43345','YM5209LARHU','Apple','Mac Mini','Music','on','PA','213',3),('43346','YM5209MKRHU','Apple','Mac Mini','Communications','on','UH','201.05',19),('43347','1WYVN71','Dell','GX280','Communications','on','UH','201.13',13),('43348','3WYVYN71','Dell','GX270','Art','on','VA','105',13),('43349','JTYVN71','Dell','GX280','Communications','on','UH','201.22',19),('43350','BWYVN71','Dell','GX280','CAL','on','UH','201.28',19),('43351','7WYVN71','Dell','GX280','World Languages','on','UH','201.44',19),('43352','4WYVN71','Dell','GX280','English','on','UH','301.27',13),('43407','28230B1','Dell','Optiplex GX620','RAFFMA','on','VA','105',2),('43408','38230B1','Dell','Optiplex GX620','RAFFMA','on','VA','105',2),('43409','CNGKK92395','HP','LaserJet 2430n','Philosophy','on','UH','052',2),('43787','104536','Sony','Power HAD EX','Communications','on','UH','025',4),('43788','104528','Sony','Power HAD EX','Communications','on','UH','025',4),('43829','CNGCH05863','HP','Color Laserjet 3600','English','on','UH','334',2),('44016','104525','Sony','Power HAD EX','Communications','on','UH','025',4),('44124','G85403NESCH','Apple','eMac','Music','on','PA','123',4),('44125','G85402TESCH','Apple','eMac','Music','on','PA','124B',9),('44127','G85403M4SCH','Apple','eMac','Music','on','PA','133',4),('44128','G85403LHSCH','Apple','eMac','Art','on','VA','201',4),('44129','G85403MESCH','Apple','eMac','Art','on','VA','201',4),('44131','G85403PESCH','Apple','eMac','Art','on','VA','201',4),('44134','G85403M1SCH','Apple','eMac','Art','on','VA','201',3),('44135','G85403P6SCH','Apple','eMac','Art','on','VA','201',4),('44160','QP6190BPV4Q','Apple','iMac 20\"','Art','on','VA','201',13),('44166','W862027AVWY','Apple','MacBook Pro 15\"','Art','on','VA','201',8),('44169','C380','Fellowes','Powershred','English','on','UH','318',13),('44171','QP62105EV4Q','Apple','iMac 20\"','Music','on','PA','108',19),('44172','GJXE061872','Epson','Stylus Photo R1800','Music','on','PA','100',13),('44178','BDX7Y91','Dell','Latitude D810','CAL','on','UH','237',13),('44209','W8607031U2P','Apple','iMac 20\"','Music','on','PA','100',13),('44292','DBF32B1','Dell','Latitude D810','Communications','on','UH','019',13),('44334','5344','WTS','70 WTS952','Music','on','PA','124',13),('44343','14YM2B1','Dell','Optiplex GX620','Communications','on','UH','201.09',2),('44344','43YM281','Dell','Optiplex GX620','Communications','on','UH','201.17',2),('44401','W86211RDVWY','Apple','MacBook Pro','Philosophy','off','UH','340',44),('44542','89GHWB1','Dell','Latitude X1','Theatre Arts','off','PA','106',13),('44578','W86350RGVWZ','Apple','MacBook Pro 15\"','Art','off','VA','219',57),('44579','18T3T91','Dell','Optiplex GX620','Communications','on','UH','038',13),('44580','FCT3T91','Dell','Optiplex GX620','Communications','on','UH','038',13),('44607','69T3T91','Dell','Optiplex GX620','Communications','on','UH','038',13),('44608','79T3T91','Dell','Optiplex GX620','Communications','on','UH','038',13),('44609','5BT3T91','Dell','Optiplex GX620','Communications','on','UH','038',13),('44610','B9T3T91','Dell','Optiplex GX620','Communications','on','UH','038',13),('44611','6TF5T91','Dell','Optiplex GX620','Communications','on','UH','038',13),('44612','F8T3T91','Dell','Optiplex GX620','Communications','on','UH','038',13),('44613','1BT3T91','Dell','Optiplex GX620','Communications','on','UH','038',13),('44614','B8T3T91','Dell','Optiplex GX620','Communications','on','UH','038',13),('44615','9BT3T91','Dell','Optiplex GX620','Communications','on','UH','038',13),('44616','D7T3T91','Dell','Optiplex GX620','Communications','on','UH','038',13),('44617','HSF5T91','Dell','Optiplex GX620','Communications','on','UH','038',13),('44618','1TF5T91','Dell','Optiplex GX620','Communications','on','UH','038',13),('44620','W861705RU2P','Apple','iMac 20\"','CAL','on','UH','217',13),('44713','H9T3T91','Dell','Optiplex GX620','Communications','on','UH','038',13),('44714','3TF5T91','Dell','Optiplex GX620','Communications','on','UH','038',13),('44715','H8T3T91','Dell','Optiplex GX620','Communications','on','UH','038',13),('44716','C8T3T91','Dell','Optiplex GX620','Communications','on','UH','038',13),('44717','J8T3T91','Dell','Optiplex GX620','Communications','on','UH','038',13),('44718','78T3T91','Dell','Optiplex GX620','Communications','on','UH','038',13),('44719','2TF5T91','Dell','Optiplex GX620','Communications','on','UH','038',13),('44720','29T3T91','Dell','Optiplex GX620','Communications','on','UH','038',13),('44721','C7T3T91','Dell','Optiplex GX620','CAL','on','UH','038',13),('44722','98T3T91','Dell','Optiplex GX620','Communications','on','UH','038',13),('44723','HCT3T91','Dell','Optiplex GX620','CAL','on','UH','038',13),('44724','CCT3T91','Dell','Optiplex GX620','Communications','on','UH','038',13),('44737','5TF5T91','Dell','Optiplex GX620','Communications','on','UH','038',13),('44738','1CT3T91','Dell','Optiplex GX620','Communications','on','UH','038',13),('44739','5CT3T91','Dell','Optiplex GX620','Communications','on','UH','038',13),('44740','38T3T91','Dell','Optiplex GX620','Communications','on','UH','038',13),('44741','6CT3T91','Dell','Optiplex GX620','Communications','on','UH','038',13),('44742','JBT3T91','Dell','Optiplex GX620','Communications','on','UH','038',13),('44743','G7T3T91','Dell','Optiplex GX620','Communications','on','UH','038',13),('44744','HBT3T91','Dell','Optiplex GX620','Communications','on','UH','038',13),('44745','48T3T91','Dell','Optiplex GX620','CAL','on','UH','038',13),('44746','9CT3T91','Dell','Optiplex GX620','Communications','on','UH','038',13),('44747','39T3T91','Dell','Optiplex GX620','Communications','on','UH','038',13),('44748','J7T3T91','Dell','Optiplex GX620','Communications','on','UH','038',13),('44749','QP6340NVU2S','Apple','iMac 20\"','CAL','on','UH','219',13),('44758','D3CBRB1','Dell','Optiplex GX620','English','on','UH','334',2),('44809','JPGR000442','HP','Color Laserjet 5500','CAL','on','UH','237',19),('44810','010416385','Sharp','PG M10S','Art','on','VA','201',13),('44881','7CT3T91','Dell','Optiplex GX620','Communications','on','UH','201.12',2),('44882','W86361RPVUY','Apple','iMac 17\"','English','on','UH','301.42',2),('44884','W86330FZTHY','Apple','MacBook Pro 17\"','Theatre Arts','off','PA','121',2),('44885','2A6292Z8UFZ','Apple','Cinema Display 20\"','Theatre Arts','on','PA','121',2),('44887','G86353HSUQ2','Apple','Mac Pro G5','Philosophy','on','UH','401.46',13),('44888','D9T3T91','Dell','Optiplex GX620','CAL','on','UH','214',2),('44889','G9T3T91','Dell','Optiplex GX620','World Languages','on','UH','201.45',2),('44890','JSF5T91','Dell','Optiplex GX620','World Languages','on','UH','201.37',16),('44891','2BT3T91','Dell','Optiplex GX620','CAL','on','UH','047A',2),('44892','FBT3T91','Dell','Optiplex GX620','English','on','UH','334',8),('44931','CDD0M91','Dell','PowerEdge 2161DS 2','CAL','on','UH','047',13),('45028','FF5905C1','Dell','PowerEdge 860','CAL','on','UH','047',13),('45148','QP70617AVUW','Apple','iMac 20\"','Theatre Arts','on','PA','100',2),('45269','JK95KC1','Dell','Latitude D620','RAFFMA','off','VA','103',5),('45528','G870314MUPZ','Apple','Mac Pro','Music','on','PA','133',2),('45531','PS320','Fellowes','Powershred 320','Art','on','VA','105',4),('45538','68T3T91','Dell','Optiplex GX620','Liberal Studies','on','CE','114D',2),('45553','FZ71TB1','Dell','PowerEdge 2950','CAL','on','UH','047',13),('45554','GZ71TB1','Dell','PowerEdge 2950','CAL','on','UH','047',13),('45555','CZ71TB1','Dell','PowerEdge 2950','CAL','on','UH','047',13),('45556','DZ71TB1','Dell','PowerEdge 2950','CAL','on','UH','047',13),('45557','HZ71TB1','Dell','PowerEdge 2950','CAL','on','UH','047',13),('45558','8543387','Sony','KDF E50A10','World Languages','on','UH','007',13),('45562','CH8VRC1','Dell','Optiplex GX620','Philosophy','on','UH','339',2),('45600','Q0358600449','Ricoh','Aficio AP410','Communications','on','UH','038',13),('45603','8TF5T91','Dell','Optiplex GX620','World Languages','on','UH','201.43',2),('45604','2A6512H4UG0','Apple','Cinema Display 23\"','Communications','on','UH','039',13),('45643','CNGC6492BJ','HP','Color LaserJet 2600n','CAL','on','UH','216',2),('45657','G870312TUPZ','Apple','Mac Pro','Communications','on','UH','039',13),('45685','Q1840500605','Ricoh','Aficio CL2000','Communications','on','UH','038',13),('45686','JPGC6590LZ','HP','Color LaserJet 2600n','Philosophy','on','UH','401.26',13),('45693','JPBKB15818','HP','Color Laserjet 4600','Music','on','PA','111',20),('45694','W86321SGVWY','Apple','MacBook Pro','Music','on','PA','113',33),('45705','231103382','Konica Minolta','Bizhub C352','CAL','on','UH','213',13),('45706','2A61215GUG0','Apple','Cinema Display 23\"','Philosophy','on','UH','401.26',13),('45707','C380','Fellowes','Powershred','Philosophy','on','UH','401.49',9),('45708','N52231UMKPW','Apple','Studio Display 17\"','Philosophy','on','UH','401.27',19),('45709','W87111N5WH5','Apple','iMac','Philosophy','on','UH','052',2),('45710','W87111N0WH5','Apple','iMac','Philosophy','on','UH','052',2),('45711','W871134JWH5','Apple','iMac','Philosophy','on','UH','052',2),('45712','W871133FWH5','Apple','iMac','Philosophy','on','UH','052',2),('45713','W87111NCWH5','Apple','iMac','Philosophy','on','UH','052',2),('45714','W87112ZWWH5','Apple','iMac','Philosophy','on','UH','052',2),('45715','W871121JWH5','Apple','iMac','Philosophy','on','UH','052',2),('45716','W87113CVWH5','Apple','iMac','Philosophy','on','UH','052',2),('45717','G87153ZGUQ2','Apple','Mac Pro','Music','on','PA','130',13),('45718','W8623513VWW','Apple','MacBook Pro 15\"','English','off','UH','301.36',2),('45720','2A71503YXMM','Apple','Cinema Display 20\"','CAL','off','UH','047A',2),('45751','2A6520QUUG0','Apple','Cinema Display 23\"','Music','on','PA','133',2),('45753','Unknown','Whirlpool','Cabrio','Theatre Arts','on','PA','134',9),('45754','Unknown','Whirlpool','Cabrio agi','Theatre Arts','on','PA','134',8),('45805','7BT3T91','Dell','GX620','Music','on','PA','209',2),('45808','W87065SYVUV','Apple','iMac 20\"','World Languages','on','UH','201.42',2),('45809','W8707280VGN','Apple','iMac 24\"','World Languages','on','UH','008',2),('45810','W870766AVUV','Apple','iMac 20\"','Communications','on','UH','401.40',2),('45812','2A7174TRXMM','Apple','Cinema Display 20\"','World Languages','on','UH','201.41',7),('45813','PCG 7112L','Sony','VAIO','English','off','UH','334',8),('45814','652513205883','Canon','HV20 A Kit','Communications','off','UH','201.15',8),('45815','G88152VYXYK','Apple','Mac Pro','Theatre Arts','on','PA','103',2),('45816','2A8121KYXMN','Apple','Cinema Display 23\"','Theatre Arts','on','PA','103',2),('45901','3LJBSC1','Dell','Optiplex 745','World Languages','on','UH','007',2),('45902','JJJBSC1','Dell','Optiplex 745','World Languages','on','UH','007',2),('45903','HKJBSC1','Dell','Optiplex 745','World Languages','on','UH','007',2),('45904','CLJBSC1','Dell','Optiplex 745','World Languages','on','UH','007',2),('45905','DLJBSC1','Dell','Optiplex 745','World Languages','on','UH','007',2),('45906','8LJBSC1','Dell','Optiplex 745','World Languages','on','UH','007',2),('45907','1KJBSC1','Dell','Optiplex 745','World Languages','on','UH','007',2),('45908','6LJBSC1','Dell','Optiplex 745','World Languages','on','UH','007',2),('45909','7KJBSC1','Dell','Optiplex 745','World Languages','on','UH','007',2),('45910','6KJBSC1','Dell','Optiplex 745','World Languages','on','UH','007',2),('45911','JKJBSC1','Dell','Optiplex 745','World Languages','on','UH','007',2),('45912','FKJBSC1','Dell','Optiplex 745','World Languages','on','UH','007',2),('45913','BLJBSC1','Dell','Optiplex 745','World Languages','on','UH','007',2),('45961','HJJBSC1','Dell','Optiplex 745','World Languages','on','UH','007',2),('45962','CKJBSC1','Dell','Optiplex 745','World Languages','on','UH','007',2),('45963','5KJBSC1','Dell','Optiplex 745','World Languages','on','UH','007',2),('45964','9KJBSC1','Dell','Optiplex 745','World Languages','on','UH','007',2),('45965','GKJBSC1','Dell','Optiplex 745','World Languages','on','UH','007',2),('45966','3KJBSC1','Dell','Optiplex 745','World Languages','on','UH','007',2),('45967','10009381681','Dell','Optiplex 745','World Languages','on','UH','007',2),('45969','4KJBSC1','Dell','Optiplex 745','World Languages','on','UH','007',2),('45970','7LJBSC1','Dell','Optiplex 745','World Languages','on','UH','007',2),('45971','1LJBSC1','Dell','Optiplex 745','World Languages','on','UH','007',2),('45972','5LJBSC1','Dell','Optiplex 745','World Languages','on','UH','007',16),('46017','CNCC71J075','HP','Laserjet M4345 MFP','World Languages','on','UH','314',2),('46057','5ZW5ZC1','Dell','Optiplex 745','Philosophy','on','UH','401.43',2),('46064','6PDWZC1','Dell','Optiplex 745','CAL','on','UH','301.08',8),('46079','75PKZC1','Dell','Optiplex 745','World Languages','on','UH','201.33',2),('46080','J5PKZC1','Dell','Optiplex 745','World Languages','on','UH','314',2),('46081','F5PKZC1','Dell','Optiplex 745','World Languages','on','UH','201.34',2),('46082','85PKZC1','Dell','Optiplex 745','World Languages','on','UH','401.39',2),('46083','D4PKZC1','Dell','Optiplex 745','World Languages','on','UH','401.35',2),('46084','25PKZC1','Dell','Optiplex 745','World Languages','on','UH','201.31',2),('46085','65PKZC1','Dell','Optiplex 745','World Languages','on','UH','201.35',2),('46086','64PKZC1','Dell','Optiplex 745','World Languages','on','UH','401.34',2),('46088','PP28L','Dell','XPS M1530','Communications','off','UH','201.12',8),('46089','YM75113VYL2','Apple','Mac Mini','English','on','UH','301.31',2),('46090','W88197450P1','Apple','Macbook','Art','off','VA','105B',19),('46091','3SJQ9G1','Dell','Optiplex 755','English','on','UH','334',8),('46092','8SJQ9G1','Dell','Optiplex 755','English','on','UH','301.32',8),('46093','503KZC1','Dell','Latitude D620-dispos','World Languages','off','UH','201.39',8),('46094','CN0KX350129617595567','Dell','Latitude D620','World Languages','on','UH','007',110),('46101','CNBXC08522','HP','LaserJet 5200n','Communications','on','UH','037',2),('46177','EMP28A902','Epson','PowerLite 6100i','Communications','on','UH','038',2),('46178','2N7D1D1','Dell','Optiplex 745','Communications','on','UH','038',13),('46179','697d1d1','Dell','Optiplex 745','Communications','on','UH','034',22),('46188','7CQQPD1','Dell','Latitude D630','Music','off','PA','217',13),('46321','W872414BXAH','Apple','MacBook Pro 15\"','Philosophy','off','VA','228',13),('46357','W873702UX94','Apple','MacBook Pro 17\"','Art','off','VA','218',54),('46359','W87341C6X92','Apple','MacBook Pro 15\"','Art','off','VA','206',54),('46360','W873802WZCT','Apple','iMac 20\"','World Languages','on','UH','201.30',2),('46366','W87381P8X92','Apple','MacBook Pro 15\"','CAL','on','UH','047A',2),('46367','W87381P8X92','Apple','MacBook Pro 15\"','Art','off','VA','203',54),('46369','4LG9RD1','Dell','Optiplex 745','English','on','UH','301.14',2),('46370','5LG9RD1','Dell','Optiplex 745','World Languages','on','UH','201.36',2),('46371','3LG9RD1','Dell','Optiplex 745','English','on','UH','301.29',8),('46372','1LG9RD1','Dell','Optiplex 745','English','on','UH','301.45',2),('46373','2LG9RD1','Dell','Optiplex 745','CAL','on','UH','216',2),('46375','EMP28BB31','Epson','PowerLite 6100i','CAL','on','UH','212',2),('46380','w8739akyx92','Apple','MacBook Pro 15\"','English','off','UH','301.35',35),('46383','FRXP9G1','Dell','Optiplex GX755','CAL','on','UH','201.27',2),('46384','DRXP9G1','Dell','Optiplex 755','English','on','UH','301.19',8),('46385','W88214J9YJX','Apple','MacBook Pro 15\"','Communications','off','UH','201.20',8),('46386','G88200LNXYL','Apple','Mac Pro G5','CAL','on','UH','047A',1),('46387','3KBLDG1','Dell','Latitude D630','Communications','off','UH','201.18',8),('46388','2A5494DGUG0','Apple','Cinema Display 23\"','English','on','UH','301.22',2),('46389','QT3084CHNHX','Apple','iMac','Communications','on','UH','201.16',13),('46390','68253819W','Toshiba','Satelite P305','Music','on','PA','111',29),('46391','W88371KBYJY','Apple','MacBook Pro 15\"','Communications','off','UH','201.23',29),('46392','W89130VC8Q1','Apple','MacBook Pro 15\"','Art','off','VA','215',36),('46393','W880712MWRQ','Apple','iMac 17\"','Philosophy','on','UH','052',2),('46394','W880712KWRQ','Apple','iMac 17\"','Philosophy','on','UH','052',2),('46395','W880712LWRQ','Apple','iMac 17\"','Philosophy','on','UH','052',2),('46396','W880712XWRQ','Apple','iMac 17\"','Philosophy','on','UH','052',23),('46397','W8807129WRQ','Apple','iMac 17\"','Philosophy','on','UH','052',2),('46398','W8807127WRQ','Apple','iMac 17\"','Philosophy','on','UH','052',2),('46399','W880712HWRQ','Apple','iMac 17\"','Philosophy','on','UH','052',2),('46400','W880712FWRQ','Apple','iMac 17\"','Philosophy','on','UH','052',2),('46401','2A7155WFMN','Apple','Cinema Display 23\"','Theatre Arts','on','PA','114',13),('46402','Unknown','Digidesign','3 Rack','Music','on','PA','130',13),('46403','G8620776U39','Apple','Mac Mini','Philosophy','on','UH','401.27',13),('46404','QP812158X88','Apple','iMac 20\"','English','on','UH','301.03',8),('46405','MXL92201X2','HP','dc7900','English','on','UH','301.26',37),('46406','W89095BP1G0','Apple','MacBook Pro 15\"','English','off','UH','301.04',38),('46407','XS0018005346','APC','Smart UPS 3000','CAL','on','UH','047',9),('46408','MXL92201X4','HP','dc7900','CAL','on','UH','047A',39),('46409','MXL92201X3','HP','dc7900','CAL','on','UH','047A',39),('46410','w80093cx7xj','Apple','MacBook Pro','Philosophy','off','UH','401.26',47),('46411','W8008GF15PC','Apple','iMac','Art','on','VA','201',47),('46412','w8008ht15pc','Apple','iMac','Philosophy','on','UH','339',47),('46413','W8008HSY5PC','Apple','iMac','Art','on','VA','201',47),('46414','w8008hqc5pc','Apple','iMac','Art','on','VA','201',47),('46415','W8008HQ65PC','Apple','iMac','Art','on','VA','201',47),('46416','w8008gg85pc','Apple','iMac','Art','on','VA','201',47),('46423','Unknown','Weril','Trumpet','Music','on','PA','129',13),('46424','Unknown','Weril','Horn','Music','on','PA','129',3),('46441','G870310NUPZ','Apple','Mac Pro','Music','on','PA','133',2),('46442','G870312BUPZ','Apple','Mac Pro','Music','on','PA','133',2),('46443','G870310PUPZ','Apple','Mac Pro','Music','on','PA','133',2),('46444','G870311CUPZ','Apple','Mac Pro','Music','on','PA','133',2),('46445','G870314RUPZ','Apple','Mac Pro','Music','on','PA','133',2),('46446','G870315AUPZ','Apple','Mac Pro','Music','on','PA','133',2),('46447','G8703167UPZ','Apple','Mac Pro','Music','on','PA','133',2),('46448','G870314TUPZ','Apple','Mac Pro','Music','on','PA','133',2),('46449','G8703110UPZ','Apple','Mac Pro','Music','on','PA','133',2),('46450','G870310YUPZ','Apple','Mac Pro','Music','on','PA','133',2),('46451','G870316BUPZ','Apple','Mac Pro','Music','on','PA','133',2),('46453','G870315ZUPZ','Apple','Mac Pro','Music','on','PA','133',2),('46454','G870310QUPZ','Apple','Mac Pro','Music','on','PA','133',2),('46455','G870314PUPZ','Apple','Mac Pro','Music','on','PA','133',2),('46482','Unknown','Weril','Horn','Music','on','PA','129',3),('46485','25Z4QD1','Dell','Latitude D630','English','off','UH','301.39',8),('46489','G870311UUPZ','Apple','Mac Pro','Music','on','PA','133',2),('46490','G870310VUPZ','Apple','Mac Pro','Music','on','PA','133',2),('46649','7W3W2F1','Dell','Optiplex 745','English','on','UH','301.04',8),('46650','BW3W2F1','Dell','Optiplex 745','English','on','UH','301.18',2),('47372','Unknown','Euphonix','Digital Control Stud','Music','on','PA','130',4),('47373','KX02633','Yamaha','MG16 6FX','Music','on','PA','131',4),('47394','c02kf04vdrv9','Apple','MacBook Air','Music','off','PA','217',102),('47423','CNBC82G0T0','HP','Laserjet CP3505','Art','on','VA','201',8),('47515','G874439E08S','Apple','Mac Pro','English','on','UH','301.22',2),('47545','4N3CCG1','Dell','Optiplex 755','English','on','UH','301.10',8),('47546','9N3CCG1','Dell','Optiplex 755','English','on','UH','301.43',8),('47547','7N3CCG1','Dell','Optiplex 755','Communications','on','UH','037',8),('47548','6N3CCG1','Dell','Optiplex 755','Communications','on','UH','037',8),('47702','4HFKFG1','Dell','Latitude D630','Music','off','PA','207',5),('47773','90TWLG1','Dell','XPS 420','Communications','on','UH','401.13',5),('48782','LSFF940674L','Epson','H295A','Art','on','VA','201',8),('48949','W89363GV642','Apple','MacBook Pro','World Languages','off','UH','314',48),('48961','275237363047737','Sony','Vaio PCG71312L','English','off','UH','334',51),('48963','W80240LRF5X','Apple','MacBook','Music','on','PA','111',52),('48964','B6R6RM1','Dell','Latitude E6510','RAFFMA','on','VA','103',53),('48971','W80330KHGST','Apple','MacBook','Music','off','PA','213',55),('48972','6f7bj91','Dell','Latitude 110l','CAL','off','UH','237',2),('48973','cbu3521247','Lenovo','Lenovo','CAL','off','UH','237',60),('48979','DMQHNBQNDJ8T','Apple','iPad 3','Philosophy','on','UH','339',100),('48980','C02GY2X1DHJQ','Apple','iMac 27\"','Art','on','VA','205',98),('48981','DMPHQLHXDJ8T','Apple','iPad 16GB','CAL','on','UH','201.27',100),('48982','DMPHQKL7DJ8T','Apple','iPad 16GB','CAL','on','UH','201.28',100),('48983','DYTJ621GDJ8T','Apple','iPad 16GB','CAL','on','UH','301.36',100),('48984','DMPHWJMUDJ8T','Apple','iPad 16GB','English','on','UH','334',100),('49515','W891255Q71A','Apple','MacBook Pro','Music','on','PA','122',45),('49601','CCLQ4L1','Dell','Inspiron mini 10','Theatre Arts','on','PA','117',46),('49602','W8008HQA5PC','Apple','iMac','Theatre Arts','on','PA','107',47),('49603','W8015MUY5PC','Apple','iMac','Art','on','VA','201',50),('49604','C02DF1XRDC7C','Apple','MacBook Pro','Art','off','VA','207',56),('49605','13613734477','Dell','Inspiron 15','RAFFMA','on','VA','103',83),('49606','534048450690561','Apple','MacBook Pro 15\"','English','off','UH','301.39',84),('49607','C17FKHPWDHJF','Apple','iMac','World Languages','on','UH','009',85),('49608','C17FKHYRDHJF','Apple','iMac','World Languages','on','UH','009',85),('49749','JBG10M1','Dell','Inspiron 11z','Theatre Arts','on','PA','104',49),('49948','M99F9X1000L','Epson','Powerlite 1716','Theatre Arts','on','PA','104',49),('50170','BCEMNN1','Dell','Optiplex 980','World Languages','on','UH','314',59),('50276','C02FR0K1DF92','Apple','MacBook Pro 17\"','Art','off','VA','219',63),('50277','C02FR1CEDH2M','Apple','MacBook Pro 13\"','Art','off','VA','210',63),('50331','73CF0P1','Dell','LATITUDE E6510','World Languages','off','UH','201.39',58),('50589','9N7G1Q1','Dell','Latitude E4310','RAFFMA','off','VA','105A',61),('50592','50592','HP','ProBook 6560b','RAFFMA','on','VA','105',62),('50630','2UA1210K5J','HP','Z210','RAFFMA','on','VA','105A',64),('50631','2UA1210K5H','HP','Z210','RAFFMA','on','VA','105',64),('50801','2ua1211x9q','HP','Z210 CMT Workstation','Music','on','PA','207',75),('50804','2ua1211x9s','HP','Z210','Communications','on','UH','201.12',70),('50806','2ua1211x9a','HP','Z210','Communications','on','UH','201.13',72),('50827','cnu1234754','HP','ProBook 6460b','Liberal Studies','off','CE','114E',65),('50833','2ua1240wvg','HP','Z210','RAFFMA','on','VA','105',66),('51287','2UA12606KS','HP','Z210 CMT Workstation','Philosophy','on','UH','?',69),('51348','4cz1252fhk','HP','MacBook Pro','World Languages','off','UH','201.40',77),('51349','4cz1252fhg','HP','ProBook 6560b','World Languages','off','UH','401.43',67),('51394','W89130VC8Q1','Apple','MacBook Pro 15\"','Art','on','VA','105',36),('51395','NEGF160227L','Epson','EX5200 Projector','Art','on','VA','213',76),('51396','hggv93ub700021z','Samsung','SF411','English','off','UH','334',78),('51397','d25gk05qdhjt','Apple','iMac','Communications','on','UH','037',79),('51398','C02FJ3DYDF8X','Apple','MacBook Pro 15\"','Communications','off','UH','201.21',80),('51399','d25fp03vdhjp','Apple','iMac','CAL','on','UH','219',81),('51400','C02HP253DV35','Apple','MacBook Pro 15\"','Communications','off','UH','201.23',93),('51401','C02HX3UADV33','Apple','MacBook Pro 15\"','English','off','UH','301.42',93),('51402','C02HL7XQDV33','Apple','MacBook Pro 15\"','English','off','UH','301.42',93),('51403','C02HL7XZDV33','Apple','MacBook Pro 15\"','Music','off','PA','214',93),('51404','C02HX0VWF1G4','Apple','MacBook Pro 15\"','Art','off','VA','209',93),('51405','C02HP25KDV35','Apple','MacBook Pro 15\"','Theatre Arts','off','PA','121',93),('51406','C02HX14CF1G3','Apple','MacBook Pro 15\"','CAL','on','UH','047',93),('51420','c02fjb3xdf8v','Apple','iMac','Communications','off','UH','201.15',67),('51421','c02fxmqjdh2g','Apple','MacBook Pro','Philosophy','off','UH','401.45',67),('51422','c02fk2rmdh2h','Apple','MacBook Pro','Philosophy','off','UH','401.43',67),('51423','c02fxmjndh2g','Apple','MacBook Pro','Communications','off','UH','201.09',67),('51424','c02fxmrqdh2g','Apple','MacBook Pro','Philosophy','off','UH','401.27',67),('51425','451263CHF5X','Apple','iMac','World Languages','off','UH','007',68),('51426','DLXFKJDEDFHY','Apple','iPad','Music','off','PA','209',71),('51427','CO2FX19EDHJF','Apple','iMac','Music','on','PA','209',71),('51428','c17fp1n5dhjf','Apple','iMac','Communications','on','UH','201.20',73),('51429','c02fxmu5dh2g','Apple','MacBook Pro','Philosophy','off','VA','228',74),('51430','c02fx3v1df91','Apple','MacBook Pro','Art','off','VA','213',74),('51684','CNU2061Q86','HP','ProBook 4530S','English','on','UH','055',82),('51785','CNU2061QQ5','HP','ProBook 4530S','English','on','UH','054',82),('51786','CNU2061QW3','HP','ProBook 4530S','English','off','UH','301.39',82),('51959','J5QGMS1','Dell','Optiplex 990','Art','on','VA','231',87),('51961','9XF3NS1','Dell','Optiplex 990','Liberal Studies','on','CE','114',87),('51962','9XF6NS1','Dell','Optiplex 990','Liberal Studies','on','CE','114',87),('51963','9XF4NS1','Dell','Optiplex 990','World Languages','on','UH','007A',87),('51964','9XF5NS1','Dell','Optiplex 990','English','on','UH','301.49',87),('52031','DYTHNAREDJ8T','Apple','iPad 16GB','CAL','on','UH','237',96),('52032','DMPHPKQ4DJ8T','Apple','iPad 16GB','CAL','off','UH','047A',96),('52037','C02HK0ZFDHJN','Apple','iMac 21\"','English','on','UH','053',93),('52038','C02HK1SYDHJN','Apple','iMac 21\"','English','on','UH','053',93),('52045','C02HL7WUDV33','Apple','MacBook Pro 15\"','CAL','off','UH','216',93),('52046','C02HX06VF1G4','Apple','MacBook Pro 15\"','Art','off','VA','211',93),('52047','C02HN0R8DV11','Apple','MacBook Pro 17\"','Communications','off','UH','017',93),('52048','C02HX0Z6F1G4','Apple','MacBook Pro 15\"','Art','off','VA','105B',93),('52049','C1MHWPPMDTY3','Apple','MacBook Pro 13\"','Art','off','VA','201D',93),('52050','C02HR4H1DV35','Apple','MacBook Pro 15\"','Theatre Arts','off','PA','142A',93),('52051','C02HR5GLDV35','Apple','MacBook Pro 15\"','World Languages','on','UH','007',93),('52053','C02J26HBDV35','Apple','MacBook Pro 15\"','Philosophy','off','UH','401.26',93),('52055','C02HG22JDHJF','Apple','iMac 21\"','Music','on','PA','108',93),('52056','C02HG24UDHJF','Apple','iMac','Music','on','PA','145',93),('52057','C17FKDETDHJF','Apple','iMac','World Languages','on','UH','009',85),('52058','C17FM0GNDHJF','Apple','iMac','World Languages','on','UH','009',85),('52059','C17FKJ9GDHJF','Apple','iMac','World Languages','on','UH','009',85),('52060','C02FL2UZDHJF','Apple','iMac','World Languages','on','UH','009',85),('52061','C17FN1X0DHJF','Apple','iMac','World Languages','on','UH','009',85),('52062','C17FKL75DHJF','Apple','iMac','World Languages','on','UH','009',85),('52064','C02H412NDV10','Apple','MacBook Pro 17\"','CAL','on','UH','047A',86),('52065','CSQ4NS1','Dell','Optiplex 990','Theatre Arts','on','PA','144A',89),('52066','DMPHJLPDDVD2','Apple','iPad 32GB','CAL','on','UH','237',90),('52067','DMPHJKSFDVD2','Apple','iPad 32GB','CAL','on','UH','237',90),('52068','C02HGDD7DV7L','Apple','MacBook Pro 15\"','Music','on','PA','211',91),('52069','C17FKHWNDHJF','Apple','iMac 21\"','English','on','UH','301.19',76),('52240','67J4GX1','Dell','Optiplex 9010','Philosophy','on','UH','339',103),('52426','JB6V4V1','Dell','Optiplex 990','RAFFMA','on','VA','105',95),('52429','8CCY4V1','Dell','Optiplex 990','World Languages','on','UH','007',95),('52430','8CCZ4V1','Dell','Optiplex 990','CAL','on','UH','047B',95),('52431','8CD45V1','Dell','Optiplex 990','English','on','UH','301.23',95),('52432','8CD05V1','Dell','Optiplex 990','Music','on','PA','203',95),('52433','8CD15V1','Dell','Optiplex 990','Music','on','PA','119',94),('52625','DK77GX1','Dell','Optiplex 9010','CAL','on','UH','237',103),('52626','DK76GX1','Dell','Optiplex 9010','CAL','on','UH','237',103),('52627','DK75GX1','Dell','Optiplex 9010','CAL','on','UH','237',103),('52628','DK68GX1','Dell','Optiplex 9010','CAL','on','UH','237',103),('52876','DMRHV2E4DJ8T','Apple','iPad 16GB','Art','on','VA','105',100),('52877','DMPHWQDDJ8T','Apple','iPad 16GB','Communications','on','UH','018',100),('52878','DMPHWQBCDJ8T','Apple','iPad 16GB','Liberal Studies','on','CE','114',100),('52879','DMRHV7AADJ8T','Apple','iPad 16GB','Music','on','PA','111',100),('52880','DMPHVYH9DJ8T','Apple','iPad 16GB','Theatre Arts','on','PA','111',100),('52881','DMPHWJSXDJ8T','Apple','iPad 16GB','World Languages','on','UH','314',100),('52882','C07HX0HFDJD3','Apple','Mac Mini','Communications','on','UH','043',99),('52883','C07HX0H1DJD3','Apple','Mac Mini','Communications','on','UH','043',99),('52884','C07HX0GYDJD3','Apple','Mac Mini','Communications','on','UH','043',99),('52885','C07HX0HADJD3','Apple','Mac Mini','Communications','on','UH','043',99),('52886','C07HX0HKDJD3','Apple','Mac Mini','Communications','on','UH','043',99),('52887','C07HX0DPDJD3','Apple','Mac Mini','Communications','on','UH','043',99),('52888','C07HX0HHDJD3','Apple','Mac Mini','Communications','on','UH','043',99),('52889','C07HX0HLDJD3','Apple','Mac Mini','Communications','on','UH','043',99),('52890','C07HX0FQDJD3','Apple','Mac Mini','Communications','on','UH','043',99),('52891','C07HX0HJDJD3','Apple','Mac Mini','Communications','on','UH','043',99),('52892','C07HX0HRDJD3','Apple','Mac Mini','Communications','on','UH','043',99),('52893','C07HX0H0DJD3','Apple','Mac Mini','Communications','on','UH','043',99),('52894','C07HX0HNDJD3','Apple','Mac Mini','Communications','on','UH','043',99),('52895','C07HX0FFDJD3','Apple','Mac Mini','Communications','on','UH','043',99),('52896','C07HX04ZDJD3','Apple','Mac Mini','Communications','on','UH','043',99),('52897','C07HX0DNDJD3','Apple','Mac Mini','Communications','on','UH','043',99),('52898','C07HX0HBDJD3','Apple','Mac Mini','Communications','on','UH','043',99),('52899','C07HX0GXDJD3','Apple','Mac Mini','Communications','on','UH','043',99),('52900','C07HX0H2DJD3','Apple','Mac Mini','Communications','on','UH','043',99),('52901','C07HX0HMDJD3','Apple','Mac Mini','Communications','on','UH','043',99),('52902','C07HX0GBDJD3','Apple','Mac Mini','Communications','on','UH','043',99),('52905','DMPHWJRJDJ8T','Apple','iPad 16GB','CAL','on','UH','203',100),('52906','DMRHV7BUDJ8T','Apple','iPad 16GB','Music','on','PA','124',100),('52907','iPad 16GB WiFi','Apple','iPad 16GB','Art','on','VA','215',100),('52908','C07JM5G8DWYL','Apple','Mac Mini','English','on','UH','054',101),('52909','C07M5FVDWYL','Apple','Mac Mini','English','on','UH','054',101),('52910','C70JM5HYDWYL','Apple','Mac Mini','English','on','UH','054',101),('52911','C70JM5Q4DWYL','Apple','Mac Mini','English','on','UH','054',101),('52912','C07JM5JLDWYL','Apple','Mac Mini','English','on','UH','054',101),('52913','C07JM4PSDWYL','Apple','Mac Mini','English','on','UH','054',101),('52914','C07JM5GCDWYL','Apple','Mac Mini','English','on','UH','054',101),('52915','C07JM5HCDWYL','Apple','Mac Mini','English','on','UH','054',101),('52916','C07JM4J5DWYL','Apple','Mac Mini','English','on','UH','054',101),('52917','C07JM5HEDWYL','Apple','Mac Mini','English','on','UH','054',101),('52918','C07JM5H5DWYL','Apple','Mac Mini','English','on','UH','054',101),('52919','C07JM5LNDWYL','Apple','Mac Mini','English','on','UH','054',101),('52920','C07JM3URDWYL','Apple','Mac Mini','English','on','UH','054',101),('52921','C07JM5GXDWYL','Apple','Mac Mini','English','on','UH','054',101),('52922','C07JM5HQDWYL','Apple','Mac Mini','English','on','UH','054',101),('52923','C07JM5GNDWYL','Apple','Mac Mini','English','on','UH','054',101),('52924','C07JM5GGDWYL','Apple','Mac Mini','English','on','UH','054',101),('52925','C07JM5GYDWYL','Apple','Mac Mini','English','on','UH','054',101),('52926','C07JM5DLDWYL','Apple','Mac Mini','English','on','UH','054',101),('52927','C07JM5REDWYL','Apple','Mac Mini','English','on','UH','054',101),('52928','C07JM5JGDWYL','Apple','Mac Mini','English','on','UH','054',101),('52929','C07JM4MADWYL','Apple','Mac Mini','English','on','UH','054',101),('52930','C07JD23YDWYL','Apple','Mac Mini','English','on','UH','054',101),('52931','C07JCC71DWYL','Apple','Mac Mini','English','on','UH','054',101),('52932','C07JM4J7DWYL','Apple','Mac Mini','English','on','UH','054',101),('52933','C07JM5MXDWYL','Apple','Mac Mini','English','on','UH','054',101),('52934','C17KTXQRF5N7','Apple','MacBook Air 11\"','Liberal Studies','off','CE','114E',106),('52935','C02JF9M2DRVC','Apple','MacBook Air 13\"','Liberal Studies','off','CE','114',106),('52936','C02KP0TRDNCV','Apple','iMac 27\"','Liberal Studies','on','CE','114E',106),('52937','C02KP18RDNCV','Apple','iMac 27\"','Liberal Studies','on','CE','114',106),('52938','HU7R916D00024','Samsung','Ultrabook 900X4C','Art','off','VA','214',112),('52939','C02KC7DUDV33','Apple','MacBook Pro 15\"','Communications','off','UH','201.16',107),('52940','C02KC7EZDV33','Apple','MacBook Pro 15\"','English','off','UH','301.45',107),('53230','BCB4GX1','Dell','Optiplex 9010','Communications','on','UH','201.14',103),('53231','BC94GX1','Dell','Optiplex 9010','English','on','UH','301.21',103),('53232','BCC2GX1','Dell','Optiplex 9010','English','on','UH','055',103),('53233','BCB3GX1','Dell','Optiplex 9010','Communications','on','UH','018',103),('53234','BCC3GX1','Dell','Optiplex 9010','English','on','UH','055',103),('53235','BCD2GX1','Dell','Optiplex 9010','English','on','UH','301.02',103),('53236','BC92GX1','Dell','Optiplex','English','on','UH','301.12',103),('53237','BCB2GX1','Dell','Optiplex 9010','English','on','UH','301.15',103),('53238','BC93GX1','Dell','Optiplex 9010','Communications','on','UH','019',103),('53239','BCC4GX1','Dell','Optiplex 9010','English','on','UH','301.28',103),('53240','67J4GX1','Dell','Optiplex 9010','Philosophy','on','UH','339',103),('53241','BCF2GX1','Dell','Optiplex 9010','English','on','UH','301.14',103),('53297','8R3PDW1','Dell','Inspiron 5521','English','off','UH','301.44',103),('53373','DLXJG0SKF184','Apple','iPad 64GB','Philosophy','off','UH','401.26',106),('53374','DMPKQMJGF183','Apple','iPad 32GB','Philosophy','off','UH','401.43',106),('53375','DMPKQRKRF183','Apple','iPad 32GB','Philosophy','off','UH','401.46',106),('53376','DMPKQ5A9F183','Apple','iPad 32GB','Philosophy','off','VA','228',106),('53377','C02KG4YHDV33','Apple','MacBook Pro 15\"','CAL','off','UH','237',105),('53378','C02KFB3MDV33','Apple','MacBook Pro 15\"','RAFFMA','off','VA','105',104),('53379','C17KG6MQDNCR','Apple','iMac 21\"','Communications','on','UH','201.24',106),('53380','C17KG8HEDNCR','Apple','iMac 21\"','Philosophy','on','UH','340',106),('53381','C02L43N6F6T6','Apple','MacBook Air 13\"','CAL','off','UH','237',108),('53382','D25L40LNDNMP','Apple','iMac 27\"','CAL','on','UH','237',108),('53383','DMPKTOUMFCYG','Apple','iPad 128GB','CAL','off','UH','237',109),('53425','C02K5836DNCV','Apple','iMac 27\"','Theatre Arts','on','PA','227',111),('53426','C02KP1D4DNCV','Apple','iMac 27\"','Theatre Arts','on','PA','227',111),('53427','C02KH96WDNCV','Apple','iMac 27\"','Theatre Arts','on','PA','227',111),('53428','C02KH976DNCV','Apple','iMac 27\"','Theatre Arts','on','PA','227',111),('53429','C02KP1KSDNCV','Apple','iMac 27\"','Theatre Arts','on','PA','227',111),('53430','C02KH959DNCV','Apple','iMac 27\"','Theatre Arts','on','PA','227',111),('53431','C02KN2BUDNCV','Apple','iMac 27\"','Theatre Arts','on','PA','227',111),('53432','C02LD4L7FFT0','Apple','MacBook Pro','English','on','UH','301.35',112),('53438','C02KF4HNDNCT','Apple','iMac 21\"','CAL','on','PA','207',113),('53439','C02KF43TDNCT','Apple','iMac 21\"','English','on','UH','301.20',114),('53540','9Q51BY1','Dell','Optiplex 9010','World Languages','on','UH','201.29',115),('53541','9Q5Z9Y1','Dell','Optiplex 9010','World Languages','on','UH','201.47',115),('62033','C02HK1QRDHJN','Apple','iMac 21\"','English','on','UH','301.03',93);
/*!40000 ALTER TABLE `equipment` ENABLE KEYS */;
UNLOCK TABLES;

--
-- Table structure for table `licensed_to`
--

DROP TABLE IF EXISTS `licensed_to`;
/*!40101 SET @saved_cs_client     = @@character_set_client */;
/*!40101 SET character_set_client = utf8 */;
CREATE TABLE `licensed_to` (
  `software_id` int(11) NOT NULL,
  `computer_tag` char(5) NOT NULL,
  PRIMARY KEY (`software_id`,`computer_tag`),
  KEY `fk_licensed_to_software_id_idx` (`software_id`),
  KEY `fk_licensed_to_computer_tag_idx` (`computer_tag`),
  CONSTRAINT `fk_licensed_to_computer_tag` FOREIGN KEY (`computer_tag`) REFERENCES `computer` (`computer_tag`) ON DELETE NO ACTION ON UPDATE NO ACTION,
  CONSTRAINT `fk_licensed_to_software_id` FOREIGN KEY (`software_id`) REFERENCES `software` (`software_id`) ON DELETE NO ACTION ON UPDATE NO ACTION
) ENGINE=InnoDB DEFAULT CHARSET=latin1;
/*!40101 SET character_set_client = @saved_cs_client */;

--
-- Dumping data for table `licensed_to`
--

LOCK TABLES `licensed_to` WRITE;
/*!40000 ALTER TABLE `licensed_to` DISABLE KEYS */;
/*!40000 ALTER TABLE `licensed_to` ENABLE KEYS */;
UNLOCK TABLES;

--
-- Table structure for table `network_printer`
--

DROP TABLE IF EXISTS `network_printer`;
/*!40101 SET @saved_cs_client     = @@character_set_client */;
/*!40101 SET character_set_client = utf8 */;
CREATE TABLE `network_printer` (
  `hostname` varchar(45) NOT NULL,
  `printer_tag` char(5) NOT NULL,
  PRIMARY KEY (`printer_tag`)
) ENGINE=InnoDB DEFAULT CHARSET=latin1;
/*!40101 SET character_set_client = @saved_cs_client */;

--
-- Dumping data for table `network_printer`
--

LOCK TABLES `network_printer` WRITE;
/*!40000 ALTER TABLE `network_printer` DISABLE KEYS */;
/*!40000 ALTER TABLE `network_printer` ENABLE KEYS */;
UNLOCK TABLES;

--
-- Table structure for table `old_inventory`
--

DROP TABLE IF EXISTS `old_inventory`;
/*!40101 SET @saved_cs_client     = @@character_set_client */;
/*!40101 SET character_set_client = utf8 */;
CREATE TABLE `old_inventory` (
  `tag` char(5) NOT NULL,
  `make` char(25) NOT NULL,
  `model` char(20) NOT NULL,
  `serial` char(40) NOT NULL,
  `purchase_date` date NOT NULL,
  `purchase_by` varchar(25) DEFAULT NULL,
  `department` varchar(25) NOT NULL,
  `fname` varchar(30) DEFAULT NULL,
  `lname` varchar(50) DEFAULT NULL,
  `location` varchar(3) NOT NULL,
  `building` char(2) NOT NULL,
  `room` varchar(6) NOT NULL,
  `os` varchar(40) DEFAULT NULL,
  `mac` varchar(17) DEFAULT NULL,
  `wmac` varchar(17) DEFAULT NULL,
  `printer` varchar(30) DEFAULT NULL,
  `notes` text,
  `purchase_id` int(11) DEFAULT NULL,
  PRIMARY KEY (`tag`)
) ENGINE=MyISAM DEFAULT CHARSET=latin1;
/*!40101 SET character_set_client = @saved_cs_client */;

--
-- Dumping data for table `old_inventory`
--

LOCK TABLES `old_inventory` WRITE;
/*!40000 ALTER TABLE `old_inventory` DISABLE KEYS */;
INSERT INTO `old_inventory` VALUES ('46386','Apple','Mac Pro G5','G88200LNXYL','2008-05-01','college','CAL','Ewelina','Nowakowska','on','UH','047A','Mac OSX 10.5','00:1f:5b:34:50:b4',NULL,'','',1),('44891','Dell','Optiplex GX620','2BT3T91','2007-01-01','college','CAL','Matthew','Richardson','on','UH','047A','Debian Unstable','00:1f:5b:34:50:b4',NULL,'','',2),('39169','Dell','GX240','51ZBP11','2002-01-01','college','CAL',NULL,NULL,'on','UH','047A','Debian Unstable','00:1f:5b:34:50:b4',NULL,'','',3),('40497','Apple','Mac Pro G5','XB34408RNVA','2004-01-01','college','CAL',NULL,NULL,'on','UH','047A','Mac OSX 10.4.11','00:0a:95:98:a7:8e',NULL,'','',4),('40357','Apple','Studio Display 17\"','X13130T6NNF','2004-01-01','college','CAL',NULL,NULL,'on','UH','047A','',NULL,NULL,'','',4),('47773','Dell','XPS 420','90TWLG1','2008-06-01','dept','Communications','Mo','Bahk','on','UH','401.13','Windows Vista','02:00:54:55:4e:01',NULL,'','',5),('39834','Apple','Power Mac G4','XB32408FN1W','2000-07-14','college','Theatre Arts',NULL,NULL,'on','PA','107','Mac OSX 10.3','00:0a:95:81:35:f2',NULL,'','',6),('45812','Apple','Cinema Display 20\"','2A7174TRXMM','2007-07-14','college','World Languages','Ruth','Burke','on','UH','201.41','',NULL,NULL,'','',7),('46385','Apple','MacBook Pro 15\"','W88214J9YJX','2008-01-01','college','Communications','Astrid','Sheil','off','UH','201.20','Mac OSX 10.5','00:1f:f3:5b:eb:15','00:1f:5b:c8:f1:31','HP Laserjet P1006','',8),('40158','Apple','Studio Display 17\"','N53142PRNNF','2000-01-01','college','Theatre Arts',NULL,NULL,'on','PA','107','',NULL,NULL,'','',9),('35899','Apple','Power Mac G4','XB10907NJ3B','1999-01-01','college','CAL',NULL,NULL,'on','UH','047A','Mac OSX 10.2','00:30:65:ba:8a:68',NULL,'','',10),('39157','Dell','GX240','7SQCP11','2002-01-01','college','CAL',NULL,NULL,'on','UH','047A','Windows XP','00:06:5b:97:ef:17',NULL,'','',3),('39143','Dell','GX240','J13CP11','2002-01-01','college','CAL',NULL,NULL,'on','UH','047A','Windows 2000','00:06:5b:97:dc:7a',NULL,'','',3),('38312','Dell','GX240','CNHZG11','2002-01-01','college','English','Luz Elena','Ramirez','on','UH','301.44','Windows XP','00:06:5b:a1:8e:27',NULL,'HP Laserjet 1200','',3),('46091','Dell','Optiplex 755','3SJQ9G1','2008-01-01','college','English','Juan','Delgado','on','UH','334','Windows XP','00:1e:4f:dc:d2:06',NULL,'','',8),('46092','Dell','Optiplex 755','8SJQ9G1','2008-01-01','college','English','Karen','Rowan','on','UH','301.32','Windows XP','00:1e:4f:d4:ff:e0',NULL,'','',8),('46384','Dell','Optiplex 755','DRXP9G1','2008-01-01','college','English','Glen','Hirshberg','on','UH','301.19','Windows Vista','00:21:70:06:02:7d',NULL,'','small form',8),('47548','Dell','Optiplex 755','6N3CCG1','2008-01-01','college','Communications','Coyote Chronicle',NULL,'on','UH','037','Windows Vista','00:21:70:07:d7:e3',NULL,'','small form',8),('47547','Dell','Optiplex 755','7N3CCG1','2008-01-01','college','Communications','Coyote Chronicle',NULL,'on','UH','037','Windows Vista','00:21:70:08:09:55',NULL,'','small form',8),('47546','Dell','Optiplex 755','9N3CCG1','2008-01-01','college','English','Chad','Luck','on','UH','301.43','Windows XP','00:21:70:07:d7:99',NULL,'','small form',8),('47545','Dell','Optiplex 755','4N3CCG1','2008-01-01','college','English','Jessica','Luck','on','UH','301.10','Windows Vista','00:21:70:08:10:6f',NULL,'HP Deskjet D4260','small form',8),('46395','Apple','iMac 17\"','W880712LWRQ','2007-01-01','college','Philosophy','Lab',NULL,'on','UH','052','Mac OSX 10.5.3','00:19:e3:4a:76:e6','00:17:f2:3a:c2:78','','',2),('43409','HP','LaserJet 2430n','CNGKK92395','2007-01-01','dept','Philosophy','Lab',NULL,'on','UH','052','',NULL,NULL,'','',2),('46397','Apple','iMac 17\"','W8807129WRQ','2007-01-01','college','Philosophy','Lab',NULL,'on','UH','052','Mac OSX 10.5.3','00:19:e3:4a:7e:4a','00:17:f2:3a:c2:77','','',2),('46394','Apple','iMac 17\"','W880712KWRQ','2007-01-01','college','Philosophy','Lab',NULL,'on','UH','052','Mac OSX 10.5.3','00:19:e3:4a:8a:6c','00:17:f2:3a:bf:6f','','',2),('46393','Apple','iMac 17\"','W880712MWRQ','2007-01-01','college','Philosophy','Lab',NULL,'on','UH','052','Mac OSX 10.5.3','00:19:e3:4a:77:0e','00:17:f2:3a:bf:e3','','',2),('45714','Apple','iMac','W87112ZWWH5','2007-01-01','college','Philosophy','Lab',NULL,'on','UH','052','Mac OSX 10.4.11','00:17:f2:d5:f8:f8','00:17:f2:37:e9:7b','','',2),('45709','Apple','iMac','W87111N5WH5','2007-01-01','college','Philosophy','Lab',NULL,'on','UH','052','Mac OSX 10.4.11','00:17:f2:d8:17:a6','00:17:f2:37:ec:08','','',2),('45713','Apple','iMac','W87111NCWH5','2007-01-01','college','Philosophy','Lab',NULL,'on','UH','052','Mac OSX 10.4.11','00:17:f2:d8:16:97','00:17:f2:37:f0:9a','','',2),('45710','Apple','iMac','W87111N0WH5','2007-01-01','college','Philosophy','Lab',NULL,'on','UH','052','Mac OSX 10.4.11','00:17:f2:d8:15:23','00:17:f2:37:eb:5d','','',2),('45715','Apple','iMac','W871121JWH5','2007-01-01','college','Philosophy','Lab',NULL,'on','UH','052','Mac OSX 10.4.11','00:17:f2:d4:be:13','00:17:f2:37:e7:fa','','',2),('45712','Apple','iMac','W871133FWH5','2007-01-01','college','Philosophy','Lab',NULL,'on','UH','052','Mac OSX 10.4.11','00:17:f2:d4:be:99','00:17:f2:37:ea:03','','',2),('45716','Apple','iMac','W87113CVWH5','2007-01-01','college','Philosophy','Lab',NULL,'on','UH','052','Mac OSX 10.4.11','00:17:f2:d8:04:22','00:17:f2:37:ed:cc','','',2),('45711','Apple','iMac','W871134JWH5','2007-01-01','college','Philosophy','Lab',NULL,'on','UH','052','Mac OSX 10.4.11','00:17:f2:d4:bd:76','00:17:f2:37:e9:84','','',2),('46399','Apple','iMac 17\"','W880712HWRQ','2007-01-01','college','Philosophy','Lab',NULL,'on','UH','052','Mac OSX 10.5.3','00:19:e3:4a:8a:85','00:17:f2:3a:c3:c0','','',2),('46398','Apple','iMac 17\"','W8807127WRQ','2007-01-01','college','Philosophy','Lab',NULL,'on','UH','052','Mac OSX 10.5.3','00:19:e3:4a:79:ef','00:17:f2:3a:bf:c3','','',2),('46400','Apple','iMac 17\"','W880712FWRQ','2007-01-01','college','Philosophy','Lab',NULL,'on','UH','052','Mac OSX 10.5.3','00:19:e3:4a:7d:89','00:17:f2:3a:c2:75','','',2),('29049','Panasonic','PT L291U','CA6510035','1997-01-01','college','Philosophy','Lab',NULL,'on','UH','052','',NULL,NULL,'','',12),('44607','Dell','Optiplex GX620','69T3T91','2006-01-01','college','Communications','Lab',NULL,'on','UH','038','Windows XP','00:13:72:75:93:bf',NULL,'','',13),('44608','Dell','Optiplex GX620','79T3T91','2006-01-01','college','Communications','Lab',NULL,'on','UH','038','Windows XP','00:13:72:75:93:fa',NULL,'','',13),('44609','Dell','Optiplex GX620','5BT3T91','2006-01-01','college','Communications','Lab',NULL,'on','UH','038','Windows XP','00:13:72:77:a1:f9',NULL,'','',13),('44610','Dell','Optiplex GX620','B9T3T91','2006-01-01','college','Communications','Lab',NULL,'on','UH','038','Windows XP','00:13:72:75:93:45',NULL,'','',13),('44611','Dell','Optiplex GX620','6TF5T91','2006-01-01','college','Communications','Lab',NULL,'on','UH','038','Windows XP','00:13:72:73:78:d0',NULL,'','',13),('44612','Dell','Optiplex GX620','F8T3T91','2006-01-01','college','Communications','Lab',NULL,'on','UH','038','Windows XP','00:13:72:75:90:44',NULL,'','',13),('44613','Dell','Optiplex GX620','1BT3T91','2006-01-01','college','Communications','Lab',NULL,'on','UH','038','Windows XP','00:13:72:75:91:d3',NULL,'','',13),('44614','Dell','Optiplex GX620','B8T3T91','2006-01-01','college','Communications','Lab',NULL,'on','UH','038','Windows XP','00:13:72:75:94:d0',NULL,'','',13),('44615','Dell','Optiplex GX620','9BT3T91','2006-01-01','college','Communications','Lab',NULL,'on','UH','038','Windows XP','00:13:72:77:97:b5',NULL,'','',13),('44616','Dell','Optiplex GX620','D7T3T91','2006-01-01','college','Communications','Lab',NULL,'on','UH','038','Windows XP','00:13:72:75:94:f5',NULL,'','',13),('44713','Dell','Optiplex GX620','H9T3T91','2006-01-01','college','Communications','Lab',NULL,'on','UH','038','Windows XP','00:13:72:75:93:de',NULL,'','',13),('44719','Dell','Optiplex GX620','2TF5T91','2006-01-01','college','Communications','Lab',NULL,'on','UH','038','Windows XP','00:13:72:70:cf:b0',NULL,'','',13),('44718','Dell','Optiplex GX620','78T3T91','2006-01-01','college','Communications','Lab',NULL,'on','UH','038','Windows XP','00:13:72:75:94:cc',NULL,'','',13),('44717','Dell','Optiplex GX620','J8T3T91','2006-01-01','college','Communications','Lab',NULL,'on','UH','038','Windows XP','00:13:72:75:93:7d',NULL,'','',13),('44716','Dell','Optiplex GX620','C8T3T91','2006-01-01','college','Communications','Lab',NULL,'on','UH','038','Windows XP','00:13:72:75:93:c8',NULL,'','',13),('44715','Dell','Optiplex GX620','H8T3T91','2006-01-01','college','Communications','Lab',NULL,'on','UH','038','Windows XP','00:13:72:75:8c:4f',NULL,'','',13),('44714','Dell','Optiplex GX620','3TF5T91','2006-01-01','college','Communications','Lab',NULL,'on','UH','038','Windows XP','00:13:72:73:77:6a',NULL,'','',13),('44742','Dell','Optiplex GX620','JBT3T91','2006-01-01','college','Communications','Lab',NULL,'on','UH','038','Windows XP','00:13:72:77:a0:bc',NULL,'','',13),('44741','Dell','Optiplex GX620','6CT3T91','2006-01-01','college','Communications','Lab',NULL,'on','UH','038','Windows XP','00:13:72:77:a0:7d',NULL,'','',13),('44739','Dell','Optiplex GX620','5CT3T91','2006-01-01','college','Communications','Lab',NULL,'on','UH','038','Windows XP','00:13:72:77:a4:8b',NULL,'','',13),('44740','Dell','Optiplex GX620','38T3T91','2006-01-01','college','Communications','Lab',NULL,'on','UH','038','Windows XP','00:13:72:75:95:b7',NULL,'','',13),('44738','Dell','Optiplex GX620','1CT3T91','2006-01-01','college','Communications','Lab',NULL,'on','UH','038','Windows XP','00:13:72:77:a0:ae',NULL,'','',13),('44737','Dell','Optiplex GX620','5TF5T91','2006-01-01','college','Communications','Lab',NULL,'on','UH','038','Windows XP','00:13:72:73:7b:34',NULL,'','',13),('44580','Dell','Optiplex GX620','FCT3T91','2006-01-01','college','Communications','Lab',NULL,'on','UH','038','Windows XP','00:13:72:77:a0:83',NULL,'','',13),('44579','Dell','Optiplex GX620','18T3T91','2006-01-01','college','Communications','Lab',NULL,'on','UH','038','Windows XP','00:13:72:6f:fc:d0',NULL,'','',13),('44743','Dell','Optiplex GX620','G7T3T91','2006-01-01','college','Communications','Lab',NULL,'on','UH','038','Windows XP','00:13:72:75:92:9c',NULL,'','',13),('44744','Dell','Optiplex GX620','HBT3T91','2006-01-01','college','Communications','Lab',NULL,'on','UH','038','Windows XP','00:13:72:77:a4:a4',NULL,'','',13),('44745','Dell','Optiplex GX620','48T3T91','2006-01-01','college','CAL','Lab',NULL,'on','UH','038','Windows XP','00:13:72:75:92:37',NULL,'','',13),('44746','Dell','Optiplex GX620','9CT3T91','2006-01-01','college','Communications','Lab',NULL,'on','UH','038','Windows XP','00:13:72:77:9f:d3',NULL,'','',13),('44747','Dell','Optiplex GX620','39T3T91','2006-01-01','college','Communications','Lab',NULL,'on','UH','038','Windows XP','00:13:72:75:92:8f',NULL,'','property tag is missing',13),('44748','Dell','Optiplex GX620','J7T3T91','2006-01-01','college','Communications','Lab',NULL,'on','UH','038','Windows XP','00:13:72:75:95:7a',NULL,'','',13),('44617','Dell','Optiplex GX620','HSF5T91','2006-01-01','college','Communications','Lab',NULL,'on','UH','038','Windows XP','00:13:72:71:55:37',NULL,'','',13),('44618','Dell','Optiplex GX620','1TF5T91','2006-01-01','college','Communications','Lab',NULL,'on','UH','038','Windows XP','00:13:72:71:58:a4',NULL,'','',13),('44724','Dell','Optiplex GX620','CCT3T91','2006-01-01','college','Communications','Lab',NULL,'on','UH','038','Windows XP','00:13:72:77:9f:ad',NULL,'','',13),('44723','Dell','Optiplex GX620','HCT3T91','2006-01-01','college','CAL','Lab',NULL,'on','UH','038','Windows XP','00:13:72:77:a1:b5',NULL,'','',13),('44722','Dell','Optiplex GX620','98T3T91','2006-01-01','college','Communications','Lab',NULL,'on','UH','038','Windows XP','00:13:72:75:93:f7',NULL,'','',13),('44721','Dell','Optiplex GX620','C7T3T91','2006-01-01','college','CAL','Lab',NULL,'on','UH','038','Windows XP','00:13:72:75:93:d2',NULL,'','',13),('44720','Dell','Optiplex GX620','29T3T91','2006-01-01','college','Communications','Lab',NULL,'on','UH','038','Windows XP','00:13:72:75:92:5f',NULL,'','',13),('46178','Dell','Optiplex 745','2N7D1D1','2006-01-01','college','Communications','Lab',NULL,'on','UH','038','Windows XP','00:1a:a0:89:5f:08',NULL,'','teacher console',13),('38348','Dell','GX240','CLHZG11','2002-01-01','college','English','Jennifer','Keys','on','UH','401.08','Windows XP','00:06:5b:a1:8b:80',NULL,'','',3),('38352','Dell','GX240','DKGZG11','2002-01-01','college','English','Claudia','Velasco','on','UH','401.09','Windows XP','00:06:5b:a1:8d:3c',NULL,'','',3),('38390','Dell','GX240','6NGZG11','2002-01-01','college','English','Joel','Harris','on','UH','401.16','Windows XP','00:06:5b:a1:8f:4b',NULL,'','',3),('38319','Dell','GX240','JMHZG11','2002-01-01','college','CAL',NULL,NULL,'on','UH','047A','Windows XP','00:06:5b:a1:8e:85',NULL,'','',3),('38327','Dell','GX240','9TFZG11','2002-01-01','college','CAL',NULL,NULL,'on','UH','047A','Windows XP','00:06:5b:76:62:4c',NULL,'','',3),('38343','Dell','GX240','DJGZG11','2002-01-01','college','English','Jacqueline','Wilcoxen','on','UH','401.07','Windows XP','00:06:5b:a1:8d:2a',NULL,'','',3),('38353','Dell','GX240','4QGZG11','2002-01-01','college','English','Kimberly','Miller','on','UH','401.17','Windows XP','00:06:5b:a1:8b:99',NULL,'','',3),('25917','Quasar','SXT5135J','MY42210023','2008-08-06','college','World Languages','Lab',NULL,'on','UH','009','',NULL,NULL,'','TV',14),('18460','Panasonic','PV 1535','K5SA40129','1985-01-01','college','World Languages','Lab',NULL,'on','UH','009','',NULL,NULL,'','VHS Player',15),('45809','Apple','iMac 24\"','W8707280VGN','2007-01-01','college','World Languages','Moises','Hernandez','on','UH','008','Mac OSX 10.4.11','00:17:f2:d0:51:f5','00:19:e3:df:11:fd','','',2),('34702','Dell','Optiplex GX110','9GNX00B','2000-01-01','college','World Languages','Moises','Hernandez','on','UH','008','Windows NT 4 Server','00:12:17:57:49:16',NULL,'','Library Pilot #3',9),('34705','Dell','Optiplex GX110','66NX00B','2000-01-01','college','World Languages','Moises','Hernandez','on','UH','008','Windows 2000','00:b0:d0:46:bf:53',NULL,'','',9),('34343','Apple','iMac G3','YM0124A2 J88 ff01','1999-01-01','college','World Languages','Lab',NULL,'on','UH','007','Mac OS 9','00:30:65:3f:61:30',NULL,'','',10),('24124','Pioneer','LO V2200','ME 3960734','2000-01-01','college','World Languages','Lab',NULL,'on','UH','007','',NULL,NULL,'','Laser disc player',9),('24126','Pioneer','LO V2200','NA 3966461','2000-01-01','college','World Languages','Lab',NULL,'on','UH','007','',NULL,NULL,'','Laser disc player',9),('45558','Sony','KDF E50A10','8543387','2006-01-01','college','World Languages','Lab',NULL,'on','UH','007','',NULL,NULL,'','TV',13),('25916','Apple','Power Mac 7100','FC5313ED44K','1999-01-01','college','World Languages','Lab',NULL,'on','UH','007','Mac OS 9',NULL,NULL,'','',10),('45972','Dell','Optiplex 745','5LJBSC1','2207-01-01','college','World Languages','Moises','Hernandez','on','UH','007','Windows XP','00:19:b9:2e:09:b4',NULL,'','',16),('33337','Apple','iMac G3','XB92402U GT1 GT1','2000-01-01','college','World Languages','Lab',NULL,'on','UH','007','8.6','00:50:e4:06:58:4f',NULL,'','',9),('34530','HP','Laserjet 8000N','USGH014866','2001-01-01','college','World Languages','Lab',NULL,'on','UH','007','',NULL,NULL,'','IP 139 182 62 15',17),('24347','Panasonic','AG 2530','K4KD00024','1999-01-01','college','World Languages','Moises','Hernandez','on','UH','007','',NULL,NULL,'','VHS',10),('45909','Dell','Optiplex 745','7KJBSC1','2007-01-01','college','World Languages','Lab',NULL,'on','UH','007','Windows XP','00:19:b9:2f:b5:24',NULL,'','15',2),('45965','Dell','Optiplex 745','GKJBSC1','2007-01-01','college','World Languages','Lab',NULL,'on','UH','007','Windows XP','00:19:b9:2e:07:81',NULL,'','16',2),('45906','Dell','Optiplex 745','8LJBSC1','2007-01-01','college','World Languages','Lab',NULL,'on','UH','007','Windows XP','00:19:b9:2e:08:af',NULL,'','18',2),('45962','Dell','Optiplex 745','CKJBSC1','2007-01-01','college','World Languages','Lab',NULL,'on','UH','007','Windows XP','00:19:b9:2e:05:3e',NULL,'','20',2),('45963','Dell','Optiplex 745','5KJBSC1','2007-01-01','college','World Languages','Lab',NULL,'on','UH','007','Windows XP','00:19:b9:2f:b5:c1',NULL,'','17',2),('45961','Dell','Optiplex 745','HJJBSC1','2007-01-01','college','World Languages','Lab',NULL,'on','UH','007','Windows XP','00:19:b9:2f:b4:a8',NULL,'','19',2),('45966','Dell','Optiplex 745','3KJBSC1','2007-01-01','college','World Languages','Lab',NULL,'on','UH','007','Windows XP','00:19:b9:2f:b5:c5',NULL,'','21',2),('45913','Dell','Optiplex 745','BLJBSC1','2007-01-01','college','World Languages','Lab',NULL,'on','UH','007','Windows XP','00:19:b9:2e:08:74',NULL,'','14',2),('45912','Dell','Optiplex 745','FKJBSC1','2007-01-01','college','World Languages','Lab',NULL,'on','UH','007','Windows XP','00:19:b9:2e:08:6b',NULL,'','13',2),('45907','Dell','Optiplex 745','1KJBSC1','2007-01-01','college','World Languages','Lab',NULL,'on','UH','007','Windows XP','00:19:b9:2f:b5:e9',NULL,'','12',2),('45908','Dell','Optiplex 745','6LJBSC1','2007-01-01','college','World Languages','Lab',NULL,'on','UH','007','Windows XP','00:19:b9:2e:09:93',NULL,'','11',2),('45911','Dell','Optiplex 745','JKJBSC1','2007-01-01','college','World Languages','Lab',NULL,'on','UH','007','Windows XP','00:19:b9:2e:08:ee',NULL,'','10',2),('45910','Dell','Optiplex 745','6KJBSC1','2007-01-01','college','World Languages','Lab',NULL,'on','UH','007','Windows XP','00:19:b9:2f:b5:8d',NULL,'','9',2),('45905','Dell','Optiplex 745','DLJBSC1','2007-01-01','college','World Languages','Lab',NULL,'on','UH','007','Windows XP','00:19:b9:2e:05:17',NULL,'','8',2),('45903','Dell','Optiplex 745','HKJBSC1','2007-01-01','college','World Languages','Lab',NULL,'on','UH','007','Windows XP','00:19:b9:2e:08:59',NULL,'','1',2),('45969','Dell','Optiplex 745','4KJBSC1','2007-01-01','college','World Languages','Lab',NULL,'on','UH','007','Windows XP','00:19:b9:2f:bf:9b',NULL,'','2',2),('45970','Dell','Optiplex 745','7LJBSC1','2007-01-01','college','World Languages','Lab',NULL,'on','UH','007','Windows XP','00:19:b9:2e:07:e6',NULL,'','3',2),('45971','Dell','Optiplex 745','1LJBSC1','2007-01-01','college','World Languages','Lab',NULL,'on','UH','007','Windows XP','00:19:b9:2e:05:21',NULL,'','4',2),('45902','Dell','Optiplex 745','JJJBSC1','2007-01-01','college','World Languages','Lab',NULL,'on','UH','007','Windows XP','00:19:b9:2f:b5:ec',NULL,'','5',2),('45901','Dell','Optiplex 745','3LJBSC1','2007-01-01','college','World Languages','Lab',NULL,'on','UH','007','Windows XP','00:19:b9:2e:09:9a',NULL,'','6',2),('45904','Dell','Optiplex 745','CLJBSC1','2007-01-01','college','World Languages','Lab',NULL,'on','UH','007','Windows XP','00:19:b9:2e:09:72',NULL,'','7',2),('45964','Dell','Optiplex 745','9KJBSC1','2007-01-01','college','World Languages','Lab',NULL,'on','UH','007','Windows XP','00:19:b9:2f:b5:75',NULL,'','Teacher console',2),('23792','3M','9080 Overhead Projec','9000AJD','1999-01-01','college','Communications','Lab',NULL,'on','UH','038','',NULL,NULL,'','Marked UH60',10),('45600','Ricoh','Aficio AP410','Q0358600449','2006-01-01','dept','Communications','Lab',NULL,'on','UH','038','',NULL,NULL,'','',13),('45685','Ricoh','Aficio CL2000','Q1840500605','2006-01-01','dept','Communications','Lab',NULL,'on','UH','038','',NULL,NULL,'','',13),('46177','Epson','PowerLite 6100i','EMP28A902','2007-01-01','college','Communications','Lab',NULL,'on','UH','038','',NULL,NULL,'','Has an additional property tag 46376',2),('34874','Sharp','XG NV5XB','005317682','2004-01-01','college','English','Lab',NULL,'on','UH','047','',NULL,NULL,'','Projector',4),('43281','Dell','GX280','9VYVN71','2006-01-01','college','English','Lab',NULL,'on','UH','047','Windows XP','00:12:3f:2f:42:cf',NULL,'','26',13),('43280','Dell','GX280','FTYVN71','2005-01-01','college','English','Lab',NULL,'on','UH','047','Windows XP','00:12:3f:2b:46:0a',NULL,'','25',19),('43279','Dell','GX280','BTYVN71','2005-01-01','college','English','Lab',NULL,'on','UH','047','Windows XP','00:12:3f:2b:21:2f',NULL,'','24',19),('43278','Dell','GX280','BVYVN71','2005-01-01','college','English','Lab',NULL,'on','UH','047','Windows XP','00:12:3f:2f:32:d0',NULL,'','23',19),('43277','Dell','GX280','DTYVN71','2005-01-01','college','English','Lab',NULL,'on','UH','047','Windows XP','00:12:3f:2b:20:50',NULL,'','22',19),('43276','Dell','GX280','2WYVN71','2005-01-01','college','English','Lab',NULL,'on','UH','047','Windows XP','00:12:3f:2f:55:f3',NULL,'','21',19),('43275','Dell','GX280','3TYVN71','2005-01-01','college','English','Lab',NULL,'on','UH','047','Windows XP','00:12:3f:2f:35:5d',NULL,'','20',19),('43274','Dell','GX280','5WYVN71','2005-01-01','college','English','Lab',NULL,'on','UH','047','Windows XP','00:12:3f:33:1e:51',NULL,'','19',19),('43273','Dell','GX280','9TYVN71','2005-01-01','college','English','Lab',NULL,'on','UH','047','Windows XP','00:12:3f:2b:23:db',NULL,'','18',19),('43272','Dell','GX280','DVYVN71','2005-01-01','college','English','Lab',NULL,'on','UH','047','Windows XP','00:12:3f:2f:48:d3',NULL,'','17',19),('43271','Dell','GX280','7TYVN71','2005-01-01','college','English','Lab',NULL,'on','UH','047','Windows XP','00:12:3f:2f:7b:83',NULL,'','16',19),('43270','Dell','GX280','8VYNV71','2005-01-01','college','English','Lab',NULL,'on','UH','047','Windows XP','00:12:3f:2f:53:a3',NULL,'','15',19),('43269','Dell','GX280','5TYVN71','2005-01-01','college','English','Lab',NULL,'on','UH','047','Windows XP','00:12:3f:2f:7a:fb',NULL,'','14',19),('43268','Dell','GX280','HTYVN71','2005-01-01','college','English','Lab',NULL,'on','UH','047','Windows XP','00:12:3f:2b:22:37',NULL,'','13',19),('43267','Dell','GX280','3VYNV71','2005-01-01','college','English','Lab',NULL,'on','UH','047','Windows XP','00:11:43:2e:a9:e4',NULL,'','12',19),('43266','Dell','GX280','4VYVN71','2005-01-01','college','English','Lab',NULL,'on','UH','047','Windows XP','00:12:3f:2f:80:72',NULL,'','11',19),('43265','Dell','GX280','GVYVN71','2005-01-01','college','English','Lab',NULL,'on','UH','047','Windows XP','00:12:3f:2f:7b:4f',NULL,'','10',19),('43264','Dell','GX280','HVYVN71','2005-01-01','college','English','Lab',NULL,'on','UH','047','Windows XP','00:12:3f:2f:50:ea',NULL,'','9',19),('43263','Dell','GX280','FVYVN71','2005-01-01','college','English','Lab',NULL,'on','UH','047','Windows XP','00:12:3f:2f:49:2d',NULL,'','8',19),('43262','Dell','GX280','2VYVN71','2005-01-01','college','English','Lab',NULL,'on','UH','047','Windows XP','00:12:3f:2b:3e:6c',NULL,'','7',19),('43261','Dell','GX280','4tYVN71','2005-01-01','college','English','Lab',NULL,'on','UH','047','Windows XP','00:12:3f:2f:62:8f',NULL,'','6',19),('43080','Dell','GX280','2TYVN71','2005-01-01','college','English','Lab',NULL,'on','UH','047','Windows XP','00:12:3f:2f:47:74',NULL,'','5',19),('43079','Dell','GX280','GVYVN71','2005-01-01','college','English','Lab',NULL,'on','UH','047','Windows XP','00:12:3f:2f:48:7d',NULL,'','4',19),('43078','Dell','GX280','9WYVN71','2005-01-01','college','English','Lab',NULL,'on','UH','047','Windows XP','00:12:3f:33:22:11',NULL,'','3',19),('43077','Dell','GX280','GTYVN71','2005-01-01','college','English','Lab',NULL,'on','UH','047','Windows XP','00:11:43:2e:ab:dd',NULL,'','2',19),('43076','Dell','GX280','8TYVN71','2005-01-01','college','English','Lab',NULL,'on','UH','047','Windows XP','00:12:3f:2b:14:43',NULL,'','1',19),('36745','Dell','Dimension 4100','3WQVP01','2005-01-01','college','Communications','Mo','Bahk','on','UH','401.13','Windows XP',NULL,NULL,'','',19),('38360','Dell','GX240','GJGZG11','2002-01-01','college','Communications','Andy','Tufano','on','UH','401.12','Windows XP','00:06:5b:a1:8c:af',NULL,'','HP Deskjet D2360',3),('38324','Dell','GX240','JSFZG11','2002-01-01','college','Communications','Robert','Leo','on','UH','401.11','Windows XP','00:06:5b:76:62:5b',NULL,'','HP Laserjet 1020',3),('45810','Apple','iMac 20\"','W870766AVUV','2007-01-01','college','Communications','Fred','Gravatt','on','UH','401.40','Mac OSX 10.4.11','00:17:f2:d1:72:c7','00:19:e3:df:45:6e','HP deskjet 5650','Sorenson VRS VP 200 139 182 162 160 ',2),('37434','Dell','GX240','4SX2511','2002-01-01','college','Communications','Fred','Jandt','on','UH','401.15','Windows 2000','00:06:5b:74:09:29',NULL,'HP Deskjet D4160','GX240 is a thin client',3),('43284','Apple','Mac Mini PowerPC','YM5209LSRHU','2005-01-01','college','English','Jean','Delgado','on','UH','301.12','Mac OSX 10.4.11','00:11:24:3e:c6:3c',NULL,'HP Deskjet 940c','',19),('38309','Dell','GX240','8LHZG11','2002-01-01','college','Communications','Risa','Dickson','on','UH','401.14','Windows XP','00:06:5b:a1:8b:7c',NULL,'HP Laserjet 4000N','',3),('46086','Dell','Optiplex 745','64PKZC1','2007-01-01','college','World Languages','Paul','Pai','on','UH','401.34','Windows XP','00:19:b9:3d:3d:16',NULL,'HP Deskjet D2360','',2),('46083','Dell','Optiplex 745','D4PKZC1','2007-01-01','college','World Languages','Mary Ann','McGuire','on','UH','401.35','Windows XP','00:19:b9:3d:35:6b',NULL,'HP Deskjet D2360','',2),('38329','Dell','GX240','2VFZG11','2002-01-01','college','World Languages','Part Time',NULL,'on','UH','401.36','Windows XP','00:06:5b:76:63:85',NULL,'HP Deskjet D2330','',3),('46057','Dell','Optiplex 745','5ZW5ZC1','2007-01-01','college','Philosophy','Tony','Roy','on','UH','401.43','Windows XP','00:19:b9:40:53:30',NULL,'HP PSC 1610 All in One','24inch Dell Monitor',2),('38398','Dell','GX150','HHJ4H11','2000-01-01','college','Philosophy','David','Garcia','on','UH','401.32','Windows XP','00:06:5b:ac:8b:e5',NULL,'HP Deskjet 5940','Shares office with Phil Nist Epson Stylus C84',9),('38354','Dell','GX240','8JGZG11','2002-01-01','college','Philosophy','Lou','Reich','on','UH','401.44','Windows XP','00:06:5b:a1:8d:12',NULL,'HP Deskjet 5150','Needs flat screen monitor',3),('41057','Dell','GX270','BZ5SV21','2004-01-01','college','Philosophy','Beverly','Gallo','on','UH','401.31','Windows XP','00:0b:db:3c:a6:02',NULL,'HP Deskjet 940c','Needs flat screen monitor',4),('39266','Dell','GX260','8Z5SV21','2003-01-01','college','Philosophy','Tom','Moody','on','UH','401.45','Windows XP','00:0b:db:3c:a6:e6',NULL,'HP Deskjet 940c','Needs flat screen monitor HP ScanJet 5400c',20),('38666','Apple','PowerPC G4','XB2280UV-M1X-ff11','2002-01-01','college','Philosophy','Felipe','Leon','on','UH','401.30','Mac OSX 10.2.8','00:03:93:b5:05:8e',NULL,'HP Deskjet 895Cse','Needs flat screen monitor',3),('39161','Dell','GX240','8RQCP11','2002-01-01','college','Philosophy','Jeremy','Hustwit','on','UH','401.29','Windows XP','00:06:5b:97:ef:7b',NULL,'HP Deskjet 960c','',3),('44887','Apple','Mac Pro G5','G86353HSUQ2','2006-01-01','college','Philosophy','Arash','Naraghi','on','UH','401.46','Mac OSX 10.4.11','00:17:f2:02:53:ea',NULL,'HP Deskjet 5550','Microtek ScanMaker 4800 2nd ethernet mac address 0017f20253eb',13),('38320','Dell','GX240','SPFZG11','2002-01-01','college','Philosophy','Karen','Sperry','on','UH','401.28','Windows XP','00:06:5b:76:52:8b',NULL,'HP Deskjet 5550','',3),('38358','Dell','GX240','6KGZG11','2002-01-01','college','Philosophy','Fidel','Arnecillo','on','UH','401.47','Windows XP','00:06:5b:a1:8d:32',NULL,'HP Deskjet  940c','Needs flat screen monitor',3),('40805','Apple','Mac Pro G5 PowerPC','G8422DCENV9','2005-01-01','college','Philosophy','Darcy','Otto','on','UH','401.48','Mac OSX 10.3.9','00:0d:93:c0:54:9c',NULL,'HP Deskjet 5550','',19),('40803','Apple','Studio Display 17\"','2A41624QNNF','2005-01-01','college','Philosophy','Darcy','Otto','on','UH','401.48','',NULL,NULL,'','',19),('45708','Apple','Studio Display 17\"','N52231UMKPW','2005-01-01','college','Philosophy','Susan','Finsen','on','UH','401.27','',NULL,NULL,'','',19),('45706','Apple','Cinema Display 23\"','2A61215GUG0','2006-01-01','dept','Philosophy','Chris','Naticchia','on','UH','401.26','',NULL,NULL,'','No computer in office uses own laptop',13),('40814','Dell','GX270','28QL051','2004-01-01','college','Communications','Coyote Chronicle',NULL,'on','UH','037','Windows XP','00:0d:56:f8:63:9a',NULL,'','',4),('40815','Dell','GX270','J7QL051','2004-01-01','college','Communications','Coyote Chronicle',NULL,'on','UH','037','Windows XP','00:0d:56:f8:61:6c',NULL,'','',4),('40813','Dell','GX270','F7QL051','2004-01-01','college','Communications','Coyote Chronicle',NULL,'on','UH','037','Windows XP','00:0d:56:f8:61:ce',NULL,'','',4),('40788','Dell','GX270','B1QL051','2004-01-01','college','Communications','Coyote Chronicle',NULL,'on','UH','037','Windows XP','00:0d:56:f8:50:3a',NULL,'','',4),('40817','Dell','GX270','97QL051','2004-01-01','college','Communications','Coyote Chronicle',NULL,'on','UH','037','Windows XP','00:0d:56:f8:62:53',NULL,'','Epson Perfection 2480 Photo scanner',4),('40816','Dell','GX270','38QL051','2004-01-01','college','Communications','Coyote Chronicle',NULL,'on','UH','037','Windows XP','00:0d:56:f8:5f:a1',NULL,'','',4),('42129','Dell','GX280','J9JYP71','2005-01-01','college','Communications','Coyote Chronicle',NULL,'on','UH','037','Windows XP','00:12:3f:84:7e:9c',NULL,'','Editor station',19),('38392','Dell','GX240','CNFZG11','2002-01-01','college','Communications','Coyote Chronicle',NULL,'on','UH','037','Windows XP','00:06:5b:a1:8f:11',NULL,'','',3),('40787','Dell','GX270','G7QL051','2004-01-01','college','Communications','Coyote Chronicle',NULL,'on','UH','037','Windows XP','00:0d:56:f8:62:71',NULL,'','',4),('46101','HP','LaserJet 5200n','CNBXC08522','2007-01-01','dept','Communications','Coyote Chronicle',NULL,'on','UH','037','','00:17:08:85:61:2a',NULL,'','139 182 63 11',2),('39158','Dell','GX240','1SQCP11','2002-01-01','college','Communications','Coyote Chronicle',NULL,'on','UH','037','Windows XP','00:06:5b:97:ef:5d',NULL,'','',3),('45707','Fellowes','Powershred','C380','2000-01-01','dept','Philosophy','Storage Room',NULL,'on','UH','401.49','',NULL,NULL,'','Jammed',9),('38328','Dell','GX240','GPFZG11','2002-01-01','college','World Languages','Part Time',NULL,'on','UH','401.25','Windows XP','00:06:5b:76:63:a9',NULL,'HP Deskjet 5150','',3),('46403','Apple','Mac Mini','G8620776U39','2006-01-01','dept','Philosophy','Susan','Finsen','on','UH','401.27','Mac OSX 10.4.11','00:16:cb:a3:b1:a6','00:16:cb:04:e8:b7','HP Deskjet 935C','',13),('45686','HP','Color LaserJet 2600n','JPGC6590LZ','2006-01-01','dept','Philosophy','Chris','Naticchia','on','UH','401.26','','00:14:38:a6:4a:0c',NULL,'','',13),('44890','Dell','Optiplex GX620','JSF5T91','2207-01-01','college','World Languages','Kareen','Gervasi','on','UH','201.37','Windows XP','00:13:72:71:55:44',NULL,'HP Deskjet 3940','',16),('46093','Dell','Latitude D620-dispos','503KZC1','2008-01-01','college','World Languages','Rafael','Correa','off','UH','201.39','Windows XP','00:18:8b:d0:67:e1','00:1b:77:23:b8:0d','HP Deskjet D2330','',8),('46370','Dell','Optiplex 745','5LG9RD1','2007-01-01','college','World Languages','Carmen','Jany','on','UH','201.36','Windows XP','00:1a:a0:c9:65:e8',NULL,'HP Deskjet D4260','Logitech web cam',2),('46085','Dell','Optiplex 745','65PKZC1','2007-01-01','college','World Languages','Part Time',NULL,'on','UH','201.35','Windows XP','00:19:b9:3d:7e:57',NULL,'HP Deskjet D2360','',2),('39515','Dell','GX260','6YG7V21','2003-01-01','college','World Languages','Dan','Whitaker','on','UH','201.40','Windows XP','00:08:74:fe:3f:e9',NULL,'HP Deskjet D2330','',20),('46179','Dell','Optiplex 745','697d1d1','2007-06-30','college','Communications','Smart Classroom',NULL,'on','UH','034','Windows XP','00:19:b9:3c:89:3b',NULL,'','',22),('46396','Apple','iMac 17\"','W880712XWRQ','2008-06-30','college','Philosophy','Lab',NULL,'on','UH','052','Mac OSX 10.5','00:16:cb:9f:69:8a','00:17:f2:3a:bf:bd','','',23),('39166','Dell','GX240','JSQCP11','2002-01-01','college','English','Philip','Page','on','UH','301.38','Windows XP','00:06:5b:97:ef:46',NULL,'HP Deskjet D2330','Smart Label Printer 200',3),('38330','Dell','GX240','5ZFZG11','2002-01-01','college','English','David','Carlson','on','UH','301.40','Windows XP','00:06:5b:a1:8d:e6',NULL,'HP Deskjet D2330','HP Scanjet 5400c',3),('31047','Kodak','Ektagraphic III AMT','174400','2000-01-01','dept','English','David','Carlson','on','UH','301.40','',NULL,NULL,'','slide projector',9),('39833','Apple','Power Mac G4','XB3240C0 N1W','2002-01-01','college','English','Holly','Henry','on','UH','301.41','Mac OSX 10.2.8','00:0a:95:78:5c:24',NULL,'','',3),('40358','Apple','Studio Display 17\"','Y13130TENNF','2002-01-01','college','English','Holly','Henry','on','UH','301.41','',NULL,NULL,'','',3),('40755','Dell','GX270','2Z0PT41','2004-01-01','college','English','Margaret','Doane','on','UH','301.34','Windows XP','00:0d:56:f2:ba:0e',NULL,'HP Deskjet 5150','',4),('36166','Sony','VAIO PCG6122','PCGR505TEK','2000-01-01','dept','English','Margaret','Doane','on','UH','301.34','Windows 2000',NULL,NULL,'','no admin account',9),('42628','Dell','GX280','B5K5871','2005-01-01','college','English','Ron','Chen','on','UH','301.33','WIndows XP',NULL,NULL,'HP Deskjet 6840','HP Scanjet 4670 Smart Label Printer 220',19),('44882','Apple','iMac 17\"','W86361RPVUY','2007-01-01','college','English','Julie','Paegle','on','UH','301.42','Mac OSX 10.4.11','00:16:cb:9a:6d:4a','00:17:f2:97:d1:af','HP Deskjet 940c','',2),('38370','Dell','GX240','FMGZG11','2002-01-01','college','English','Joy','Barta','on','UH','401.05','Windows XP','00:06:5b:a1:8f:90',NULL,'HP Deskjet 5440','',3),('38357','Dell','GX240','CNGZG11','2002-01-01','college','English','Part Time',NULL,'on','UH','301.30','Windows 2000','00:06:5b:a1:8f:8f',NULL,'HP Deskjet 5440','',3),('36402','Dell','GX150','3MPRP01','2001-01-01','college','CAL',NULL,NULL,'on','UH','047A','Windows 2000','00:b0:d0:f1:96:5f',NULL,'','',17),('34009','APC','BK650M','NB9916161746','2002-01-01','college','English','Luz Elena','Ramirez','on','UH','301.44','',NULL,NULL,'','UPS',3),('40159','Apple','Studio Display 17\"','N53142PSNNF','2002-01-01','college','English','Caroline','Vickers','on','UH','301.31','',NULL,NULL,'','',3),('46089','Apple','Mac Mini','YM75113VYL2','2007-01-01','dept','English','Caroline','Vickers','on','UH','301.31','Mac OSX 10.5.2','00:16:cb:ad:d7:3f','00:1c:b3:b2:16:9b','HP Deskjet 6988','',2),('46372','Dell','Optiplex 745','1LG9RD1','2007-01-01','college','English','Parastou','Feiz','on','UH','301.45','Windows XP','00:1a:a0:c9:91:65',NULL,'HP Deskjet D4260','',2),('39159','Dell','GX240','DQQCP11','2002-01-01','college','English','Pacific Review',NULL,'on','UH','401.18','Windows XP','00:06:5b:97:f0:46',NULL,'HP Deskjet 810c','Canon CanoScan LIDE 35',3),('42520','Apple','Mac Mini','YM5151LQRHS','2006-01-01','college','English','Part Time',NULL,'on','UH','301.46','Mac OSX 10.4.11','00:11:24:83:76:94',NULL,'HP Deskjet 5440','PowerPC',13),('46371','Dell','Optiplex 745','3LG9RD1','2008-01-01','college','English','Joe','Sanders','on','UH','301.29','Windows XP','00:1a:a0:c9:90:24',NULL,'HP Deskjet D4260','',8),('38345','Dell','GX240','5LHZG11','2002-01-01','college','English','Marsha','Schuh','on','UH','301.47','Windows XP','00:06:5b:a1:8b:86',NULL,'HP Deskjet 5440','',3),('40844','Dell','GX270','8LMM251','2004-01-01','college','English','Ted','Ruml','on','UH','301.28','Windows XP','00:0d:56:9d:e4:a7',NULL,'HP Deskjet 5150','',4),('38344','Dell','GX240','1PHZG11','2002-01-01','college','English','Part Time',NULL,'on','UH','301.27','Windows 2000','00:06:5b:a1:8e:2b',NULL,'HP Deskjet 5440','',3),('38342','Dell','GX240','2PHZG11','2002-01-01','college','English','Part Time',NULL,'on','UH','301.48','Windows XP','00:06:5b:a1:8d:d8',NULL,'HP Deskjet 5440','',3),('38351','Dell','GX240','6LHZG11','2002-01-01','college','English','Part Time',NULL,'on','UH','301.49','Windows 2000','00:06:5b:a1:8b:72',NULL,'HP Deskjet 5440','',3),('38350','Dell','GX240','JLHZG11','2002-01-01','college','English','Suzanne','Arakawa','on','UH','401.06','Windows XP','00:06:5b:a1:8e:c0',NULL,'','',3),('40757','Dell','GX270','GZQPT41','2004-01-01','college','CAL',NULL,NULL,'on','UH','047A','Windows XP','00:0d:56:f2:ba:74',NULL,'','',4),('39165','Dell','GX240','CSQCP11','2002-01-01','college','English','Part Time',NULL,'on','UH','301.25','Windows XP','00:06:5b:97:ef:2b',NULL,'HP Deskjet 5440','',3),('24751','Sharp','UH 3200','4510882X','2002-01-01','dept','English','Storage Room',NULL,'on','UH','301.24','',NULL,NULL,'','Fax printer',3),('42894','Dell','GX280','FDJYP71','2005-01-01','college','English','Cindy','Cotter','on','UH','301.02','Windows XP','00:12:3f:84:66:22',NULL,'HP Deskjet 5440','',19),('40758','Dell','GX270','6ZQPT41','2004-01-01','college','English','Renee','Pigeon','on','UH','301.23','Windows XP','00:0d:56:f2:ba:53',NULL,'HP Deskjet 5650','Dymo Labelwriter 330 Viewsonic 22inch lcd',4),('46404','Apple','iMac 20\"','QP812158X88','2008-01-01','dept','English','Ellen','Gil Gomez','on','UH','301.03','Mac OSX 10.5.2','00:1e:c2:12:e3:b3','00:1e:c2:a3:61:e0','HP Deskjet 960c','',8),('46649','Dell','Optiplex 745','7W3W2F1','2008-01-01','dept','English','Kimberly','Costino','on','UH','301.04','Windows XP','00:1a:a0:ec:58:14',NULL,'HP Deskjet D2330','Canon CanoScan 4400F',8),('36400','Dell','GX150','BMPRP01','2001-01-01','college','CAL',NULL,NULL,'on','UH','047A','Windows 2000','00:b0:d0:f1:d6:f9',NULL,'','',17),('41070','Apple','Power Mac G4','XB23602H MRN FF11','2002-01-01','college','English','Sunny','Hyon','on','UH','301.05','Mac OSX 10.2.8','00:03:93:a8:e4:66',NULL,'HP Deskjet 5550','17 Studio Display with no tag',3),('47515','Apple','Mac Pro','G874439E08S','2007-01-01','dept','English','Jackie','Rhodes','on','UH','301.22','Mac OSX 10.4.11','00:17:f2:0e:96:74',NULL,'HP Deskjet 5550','Canon CanoScan ',2),('46388','Apple','Cinema Display 23\"','2A5494DGUG0','2007-01-01','dept','English','Jackie','Rhodes','on','UH','301.22','',NULL,NULL,'','',2),('38374','Dell','GX240','2LGZG11','2002-01-01','college','English','Part Time',NULL,'on','UH','301.06','Windows XP','00:06:5b:a1:8c:c0',NULL,'HP Deskjet 5440','',3),('46650','Dell','Optiplex 745','BW3W2F1','2007-01-01','dept','English','Bruce','Golden','on','UH','301.18','Windows XP','00:1a:a0:ec:54:d5',NULL,'HP Deskjet 3845','AOL',2),('42891','Dell','GX280','1FJYP71','2005-01-01','college','English','Helen','Pilinovsky','on','UH','301.07','Windows XP','00:12:3f:84:5f:a7',NULL,'HP Deskjet D4260','',19),('46064','Dell','Optiplex 745','6PDWZC1','2008-01-01','college','CAL','Salaam','Yousif','on','UH','301.08','Windows XP','00:1a:a0:a0:89:ea',NULL,'HP Deskjet D2330','22 SyncMaster 226BW Samsung monitor',8),('38376','Dell','GX240','hlgzg11','2002-01-01','college','Theatre Arts','Lab',NULL,'on','PA','227','Windows XP','00:06:5b:a1:8f:73',NULL,'','',3),('36405','Dell','GX150','GMPRP01','2001-01-01','college','English','Part Time',NULL,'on','UH','301.17','Windows 2000','00:b0:d0:cb:d2:48',NULL,'HP Deskjet 3845','',17),('40839','Dell','GX270','7LMM251','2004-01-01','college','English','Wendy','Smith','on','UH','301.16','Windows XP','00:0d:56:9d:e4:bb',NULL,'HP Deskjet 5150','',4),('38317','Dell','GX240','1nhzg11','2002-01-01','college','Theatre Arts','Lab',NULL,'on','PA','227','Windows XP','00:06:5b:a1:8e:bd',NULL,'','',3),('40759','Dell','GX270','50RPT41','2004-01-01','college','English','James','Brown','on','UH','301.15','Windows XP','00:0d:56:f2:ba:09',NULL,'HP Deskjet 940c','',4),('38316','Dell','GX240','4phzg11','2002-01-01','college','Theatre Arts','Lab',NULL,'on','PA','227','Windows XP','00:06:5b:a8:e3:b',NULL,'','',3),('38373','Dell','GX240','4ngzg11','2002-01-01','college','Theatre Arts','Lab',NULL,'on','PA','227','Windows XP',NULL,NULL,'','',3),('38395','Dell','GX240','4PFZG11','2002-01-01','college','English','Part Time',NULL,'on','UH','301.10','Windows 2000','00:06:5b:76:63:8a',NULL,'HP Deskjet 5440','',3),('46369','Dell','Optiplex 745','4LG9RD1','2007-01-01','college','English','David','Marshall','on','UH','301.14','Windows XP','00:1a:a0:c9:09:c4',NULL,'HP Deskjet D4260','',2),('38311','Dell','GX240','9lhzg11','2002-01-01','college','Theatre Arts','Lab',NULL,'on','PA','227','Windows XP','00:06:5b:a1:8b:be',NULL,'','4',3),('38318','Dell','GX240','6nhzg11','2002-01-01','college','Theatre Arts','Lab',NULL,'on','PA','227','Windows XP','00:06:5b:a1:8e:98',NULL,'','3',3),('38391','Dell','GX240','bmgzg11','2002-01-01','college','Theatre Arts','Lab',NULL,'on','PA','227','Windows XP','00:06:5b:a1:8e:d8',NULL,'','2',3),('40160','Apple','Studio Display 17\"','N53142PUNNF','2001-01-01','college','Philosophy','Rachel','Siordia','on','UH','401.42','',NULL,NULL,'','',17),('40161','Apple','Power Mac G4','XB32206F N1W','2002-01-01','college','Philosophy','Rachel','Siordia','on','UH','401.42','Mac OSX 10.2.8','00:03:93:CA:0D:C4',NULL,'HP Deskjet 940c','',3),('38306','Dell','GX240','2mhzg11','2002-01-01','college','Theatre Arts','Lab',NULL,'on','PA','227','Windows XP','00:06:5b:a1:8e:7e',NULL,'','1',3),('42508','Dell','Optiplex 170L','92D3771','2005-01-01','college','English','Peter','Schroeder','on','UH','301.13','Windows XP',NULL,NULL,'HP Deskjet 5740','No admin account',19),('27415','Canon','CLBP360','jgy02056','1998-01-01','college','Theatre Arts','Lab',NULL,'on','PA','227','','00:c0:85:21:1b:97',NULL,'','Color Laser Printer Ancient',26),('41284','Vision','Server','v133117227012','2005-01-01','college','Theatre Arts','Lab',NULL,'on','PA','227','Debian GNU Linux','00:0d:61:3a:68:53',NULL,'HP Deskjet 3847 Epson SC1100','Theatre Lab print and file server cadpa227',19),('33471','Snap','Snap','31794','2000-01-01','dept','Theatre Arts','Lab',NULL,'on','PA','227','','00:c0:b6:00:7c:32',NULL,'','Network attached storage device TASNAP',9),('37866','SuperCD','SuperCD','0050c2120123','2000-01-01','dept','Theatre Arts','Lab',NULL,'on','PA','227','','00:c0:b6:00:7c:32',NULL,'','Ta cd server',9),('40558','HP','DesignJet800PS','sg0cu2200y','2002-01-01','dept','Theatre Arts','Lab',NULL,'on','PA','227','',NULL,NULL,'','Attached via parallel to cadpa227',3),('30629','Sharp','SF7350','86218689','1998-01-01','dept','Theatre Arts','Lab',NULL,'on','PA','227','',NULL,NULL,'','Photocopier',26),('34930','Sharp','XGNV2U','808319889','1998-01-01','dept','Theatre Arts','Lab',NULL,'on','PA','227','',NULL,NULL,'','Projector',26),('40681','Apple','Power Mac G4','XB4150B6Q6P','2002-01-01','college','World Languages','Ruth','Burke','on','UH','201.41','Mac OSX 10.3.9','00:0d:93:67:14:5a',NULL,'HP Deskjet 3845','17 Studio Display with no tag',3),('46081','Dell','Optiplex 745','F5PKZC1','2007-01-01','college','World Languages','Part Time',NULL,'on','UH','201.34','Windows XP','00:19:b9:3d:76:41',NULL,'HP Deskjet 5440','',2),('45808','Apple','iMac 20\"','W87065SYVUV','2007-01-01','dept','World Languages','Arturo','Fernandez Gibert','on','UH','201.42','Mac OSX 10.4.11','00:17:f2:cc:3b:c1','00:19:e3:dc:b3:a3','HP Deskjet 3940','',2),('46079','Dell','Optiplex 745','75PKZC1','2007-01-01','college','World Languages','Ana','Deloera Moll','on','UH','201.33','Windows XP','00:19:b9:3d:7f:a6',NULL,'HP Deskjet D2330','',2),('45603','Dell','Optiplex GX620','8TF5T91','2007-01-01','college','World Languages','Mirta','Gonzalez','on','UH','201.43','Windows XP','00:13:72:73:7a:56',NULL,'HP Deskjet 960c','',2),('46082','Dell','Optiplex 745','85PKZC1','2007-01-01','college','World Languages','Valerie','Morgan','on','UH','401.39','Windows XP','00:19:b9:3d:7e:4d',NULL,'Epson Stylus C84','',2),('43351','Dell','GX280','7WYVN71','2005-01-01','college','World Languages','Antonieta','Gallegos Ruiz','on','UH','201.44','Windows XP','00:12:3f:33:1f:82',NULL,'HP Deskjet 960c','',19),('46084','Dell','Optiplex 745','25PKZC1','2007-01-01','college','World Languages','Part Time',NULL,'on','UH','201.31','Windows XP','00:19:b9:3c:c4:a1',NULL,'HP Deskjet D2330','',2),('46360','Apple','iMac 20\"','W873802WZCT','2007-01-01','college','World Languages','Liz','Martin','on','UH','201.30','Mac OSX 10.4.11','00:1b:63:a0:94:66','00:1c:b3:7a:b7:1e','HP Deskjet D4260','HP Scanjet G4050',2),('44889','Dell','Optiplex GX620','G9T3T91','2007-01-01','college','World Languages','David','Jerez Gomez','on','UH','201.45','Windows XP','00:13:72:75:93:df',NULL,'HP Deskjet 3940','',2),('42429','Apple','iMac 17\"','W8505018PNY','2006-01-01','college','World Languages','Aurora','Wolfgang','on','UH','201.46','Mac OSX 10.3.9','00:0d:93:5c:a6:26',NULL,'HP Deskjet 970Cse','PowerPC',13),('42890','Dell','GX280','BDJYP71','2005-01-01','college','World Languages','Myung','Choi','on','UH','201.47','Windows XP','00:12:3f:84:7e:11',NULL,'HP Deskjet 3845','',19),('42428','Apple','iMac 17\"','W850501APNY','2007-01-01','dept','World Languages','Khamla','Dhouti','on','UH','201.48','Mac OSX 10.4.11','00:11:24:70:09:38',NULL,'HP Deskjet 940c','Brother HL2040 Laser Printer',2),('38340','Dell','GX150','2JJ4H11','2001-01-01','college','World Languages','FLAGS',NULL,'on','UH','201.25','Windows XP','00:06:5b:ac:8d:3f',NULL,'HP Deskjet 3847','',17),('38399','Dell','GX150','BHJ4H11','2001-01-01','college','World Languages','FLAGS',NULL,'on','UH','201.25','Windows XP','00:06:5b:ac:8d:56',NULL,'HP Deskjet 5440','',17),('43283','Apple','Mac Mini','YM5209L6RHU','2007-01-01','college','Communications','Donna','Gotch','on','UH','201.24','Mac OSX 10.4.11','00:0d:93:7a:c0:c8',NULL,'HP Deskjet 940c','PowerPC',2),('38375','Dell','GX240','4MGZG11','2002-01-01','college','Communications','Part Time',NULL,'on','UH','201.01','Windows XP','00:06:5b:a1:8f:3b',NULL,'HP Laserjet 1200','',3),('38367','Dell','GX240','7LGZG11','2002-01-01','college','Communications','Part Time',NULL,'on','UH','201.01','Windows XP','00:06:5b:a1:8c:72',NULL,'','',3),('39620','Dell','GX280','5M5LZ21','2005-01-01','college','CAL',NULL,NULL,'on','UH','047A','Windows XP','00:0b:db:3c:a9:b5',NULL,'','',19),('38334','Dell','GX240','6PFZG11','2002-01-01','college','Communications','Part Time',NULL,'on','UH','201.04','Windows XP','00:06:5b:76:64:c2',NULL,'HP Deskjet D2360','',3),('38394','Dell','GX240','FNFZG11','2002-01-01','college','Communications','Part Time',NULL,'on','UH','201.04','Windows XP','00:06:5b:a1:8f:15',NULL,'HP Deskjet 3847','',3),('43349','Dell','GX280','JTYVN71','2005-01-01','college','Communications','Nathan','Carter','on','UH','201.22','Windows XP','00:12:3f:2b:22:5f',NULL,'HP Deskjet 3845','',19),('43346','Apple','Mac Mini','YM5209MKRHU','2005-01-01','college','Communications','Scott','Rodriguez','on','UH','201.05','Mac OSX 10.4.11','00:0d:93:7a:c1:2a',NULL,'HP Deskjet D2360','',19),('38331','Dell','GX240','DPFZG11','2002-01-01','college','Communications','Part Time',NULL,'on','UH','201.19','Windows XP','00:06:5b:76:62:7d',NULL,'HP Deskjet D2360','',3),('38307','Dell','GX240','2LHZG11','2002-01-01','college','Communications','Part Time',NULL,'on','UH','201.19','Windows XP','00:06:5b:a1:8b:c1',NULL,'','',3),('38325','Dell','GX240','3TFZG11','2002-01-01','college','Communications','Part Time',NULL,'on','UH','201.07','Windows XP','00:06:5b:a1:8d:d7',NULL,'HP Deskjet 5550','',3),('38389','Dell','GX240','4LGZG11','2002-01-01','college','Communications','Part Time',NULL,'on','UH','201.07','Windows XP','00:06:5b:a1:8c:c1',NULL,'','',3),('46387','Dell','Latitude D630','3KBLDG1','2008-01-01','dept','Communications','Jo Anna','Grant','off','UH','201.18','Windows XP','00:1c:23:52:6f:7a','00:1f:3b:a9:99:75','','',8),('39621','Dell','GX260','CM5LZ21','2004-01-01','college','CAL',NULL,NULL,'on','UH','047A','Windows 2000','00:0b:db:3c:a9:c2',NULL,'','',4),('38332','Dell','GX240','FTFZG11','2002-01-01','college','Communications','Part Time',NULL,'on','UH','201.08','Windows XP','00:06:5b:76:63:7d',NULL,'HP Deskjet 5150','',3),('38308','Dell','GX240','3NHZG11','2002-01-01','college','Communications','Part Time',NULL,'on','UH','201.08','Windows XP','00:06:5b:a1:8e:b4',NULL,'','',3),('44344','Dell','Optiplex GX620','43YM281','2007-01-01','college','Communications','Robin','Larsen','on','UH','201.17','Windows XP','00:13:72:86:fe:cf',NULL,'HP Deskjet 5740','Fujitsu Scan Snap 9510',2),('44343','Dell','Optiplex GX620','14YM2B1','2007-01-01','college','Communications','Rueyling','Chuang','on','UH','201.09','Windows XP','00:13:72:86:fe:07',NULL,'HP Deskjet 5740','',2),('38315','Dell','GX240','FLHZG11','2002-01-01','college','Communications','Part Time',NULL,'on','UH','201.10','Windows XP','00:06:5b:a1:8b:6d',NULL,'HP Deskjet 672C','',3),('38665','Apple','Power Mac G4','XB2280UW M1X ff11','2002-01-01','college','Communications','Rod','Metts','on','UH','401.10','Mac OSX 10.2.8','00:03:93:A5:C0:EE',NULL,'HP Deskjet 940c','',3),('39721','Dell','GX260','40SHP21','2004-01-01','college','Communications','Heather','Hundley','on','UH','201.14','Windows XP','00:08:74:f3:c9:18',NULL,'HP Laserjet P1005','',4),('44881','Dell','Optiplex GX620','7CT3T91','2007-01-01','college','Communications','Mihaela','Popescu','on','UH','201.12','Windows XP','00:13:72:76:a3:ba',NULL,'HP Laserjet 1020','Fujitsu ScanSnap PDF Scanner',2),('43347','Dell','GX280','1WYVN71','2006-01-01','college','Communications','Brian','Heisterkamp','on','UH','201.13','Windows XP','00:12:3f:2f:43:e4',NULL,'HP Laserjet 1200','',13),('38369','Dell','GX240','BNGZG11','2002-01-01','college','English','Kent','Rogers','on','UH','301.11','Windows XP','00:06:5b:a1:8f:53',NULL,'HP Deskjet 5440','',3),('46321','Apple','MacBook Pro 15\"','W872414BXAH','2006-01-01','college','Philosophy','Matthew','Davidson','off','VA','228','Mac OSX 10.4.11','00:1b:63:92:8d:4a','00:1b:63:c3:ec:df','','Mac Mini at home info NA',13),('45720','Apple','Cinema Display 20\"','2A71503YXMM','2007-01-01','college','CAL','Ewelina','Nowakowska','off','UH','047A','',NULL,NULL,'','',2),('45813','Sony','VAIO','PCG 7112L','2008-01-01','dept','English','Dottie','Cartwright','off','UH','334','Windows Vista','00:1a:80:24:58:37','00:1c:bf:59:df:b8','','',8),('45814','Canon','HV20 A Kit','652513205883','2008-01-01','dept','Communications','Ece','Algan','off','UH','201.15','',NULL,NULL,'','Camcorder',8),('46088','Dell','XPS M1530','PP28L','2008-01-01','college','Communications','Mihaela','Popescu','off','UH','201.12','Windows Vista','00:1d:09:4a:d3:d7','00:1f:3a:30:9d:3f','','',8),('46090','Apple','Macbook','W88197450P1','2005-01-01','dept','Art','Sant','Khalsa','off','VA','105B','Mac OSX 10.4.11','00:1f:f3:54:0e:fa',NULL,'','',19),('38346','Dell','GX240','HMHZG11','2002-01-01','college','English',NULL,NULL,'on','UH','335','Windows 2000','00:06:5b:a1:8e:57',NULL,'HP Deskjet 5440','Smart Label Printer 200',3),('44892','Dell','Optiplex GX620','FBT3T91','2008-01-01','college','English','Andrew','Castillo','on','UH','334','Windows XP','00:13:72:77:9f:a5',NULL,'HP Deskjet 940c','Smart Label Printer 200 Viewsonic 22inch monitor',8),('46389','Apple','iMac','QT3084CHNHX','2006-01-01','college','Communications','Mary','Fong','on','UH','201.16','Mac OSX 10.4.11','00:0a:95:9f:06:c8',NULL,'HP Deskjet 5740','iMac PowerMac6 1',13),('43829','HP','Color Laserjet 3600','CNGCH05863','2007-01-01','dept','English','Dottie','Cartwright','on','UH','334','','00:14:38:45:29:1c',NULL,'','',2),('42679','Dell','Latitude 110L','FXRR771','2007-01-01','college','English',NULL,NULL,'on','UH','318','Windows XP','00:0b:7d:1c:17:5d',NULL,'','',2),('44169','Fellowes','Powershred','C380','2006-01-01','dept','English',NULL,NULL,'on','UH','318','',NULL,NULL,'','',13),('36009','TEK','ARL E','480696','2000-01-01','college','English',NULL,NULL,'on','UH','335','',NULL,NULL,'','time stamp',9),('44758','Dell','Optiplex GX620','D3CBRB1','2007-01-01','college','English','Dottie','Cartwright','on','UH','334','Windows XP',NULL,NULL,'','2 x 22 Viewsonic Monitors',2),('45718','Apple','MacBook Pro 15\"','W8623513VWW','2007-01-01','college','English','Jennifer','Andersen','off','UH','301.36','Mac OSX 10.4.11','00:16:cb:8e:32:2d','00:16:cb:bf:20:d5','HP Deskjet 4260','',2),('46390','Toshiba','Satelite P305','68253819W','2008-09-01','dept','Music',NULL,NULL,'on','PA','111','Windows Vista','00:1e:68:83:7c:72','00:1f:3c:76:39:f3','','',29),('44809','HP','Color Laserjet 5500','JPGR000442','2005-01-01','college','CAL',NULL,NULL,'on','UH','237','','00:01:e6:a4:2b:15',NULL,'','139 182 60 6',19),('46375','Epson','PowerLite 6100i','EMP28BB31','2007-01-01','college','CAL',NULL,NULL,'on','UH','212','',NULL,NULL,'','projector',2),('38349','Dell','GX240','2NHZG11','2002-01-01','college','CAL',NULL,NULL,'on','UH','237','Windows 2000','00:06:5b:a1:8e:a1',NULL,'','',3),('41123','Fellowes','Powershred 480','1723123','2004-01-01','college','CAL',NULL,NULL,'on','UH','213','',NULL,NULL,'','',4),('45705','Konica Minolta','Bizhub C352','231103382','2006-01-01','college','CAL',NULL,NULL,'on','UH','213','',NULL,NULL,'','copier',13),('40274','Sharp','XGNV2U','808320089','1998-08-01','college','CAL',NULL,NULL,'on','PA','225','',NULL,NULL,'','Projector with cart and VHS',30),('46391','Apple','MacBook Pro 15\"','W88371KBYJY','2008-09-01','dept','Communications','Ahlam','Muhtaseb','off','UH','201.23','Mac OSX 10.5.5','00:1f:f3:cb:de:a5','00:22:41:fb:00:1d','','',29),('39144','Dell','GX240','D13CP11','2002-01-01','college','Communications','Linda','Sand','on','UH','018','Windows XP','00:06:5b:97:dc:60',NULL,'HP Deskjet D2330','',3),('39619','Dell','GX240','1NSLZ21','2004-01-01','college','Communications',NULL,NULL,'on','UH','019','Windows XP','00:0b:db:3c:a9:85',NULL,'','CS2 and HP ScanJet 5300C',4),('37034','HP','Color LaserJet 4550','JPPCH07881','2000-01-01','college','Communications',NULL,NULL,'on','UH','019','','00:01:e6:54:95:10',NULL,'','139 182 60 168',9),('36392','Apple','Power Mac G4','XB1270JX KXS ff06','2003-01-01','college','Communications',NULL,NULL,'on','UH','401.01','Mac OSX 10.2.8','00:03:93:48:ea:4e',NULL,'','',20),('44292','Dell','Latitude D810','DBF32B1','2006-01-01','dept','Communications',NULL,NULL,'on','UH','019','Windows XP','00:14:22:f6:bb:05','00:16:6f:76:53:83','','',13),('36963','Ricoh','Aficio 220','34035','2000-01-01','college','Communications',NULL,NULL,'on','UH','020','',NULL,NULL,'','copier',9),('42892','Dell','GX280','HDJYP71','2006-01-01','college','CAL','Alicia','Trujillo','on','UH','237','Windows XP','00:12:3f:84:fd:92',NULL,'HP Deskjet 5550','CanoScan LiDe60',13),('41124','Sharp','PG M20S','305314031','2005-01-01','college','CAL',NULL,NULL,'on','UH','237','',NULL,NULL,'','projector',19),('44178','Dell','Latitude D810','BDX7Y91','2006-01-01','college','CAL',NULL,NULL,'on','UH','237','Windows XP','00:14:22:f4:c6:45','00:16:6f:80:33:5d','','loaner',13),('46373','Dell','Optiplex 745','2LG9RD1','2007-01-01','college','CAL','Salaam','Yousif','on','UH','216','Windows XP','00:1a:a0:c9:08:df',NULL,'','',2),('45643','HP','Color LaserJet 2600n','CNGC6492BJ','2007-01-01','college','CAL','Salaam','Yousif','on','UH','216','','00:14:38:a0:e6:41',NULL,'','',2),('44888','Dell','Optiplex GX620','D9T3T91','2007-01-01','college','CAL','Martha','Diaz Granados','on','UH','214','Windows XP','00:13:72:75:93:72',NULL,'HP Color Laserjet 2550L','Epson Perfection 2480 Photo',2),('44620','Apple','iMac 20\"','W861705RU2P','2006-01-01','college','CAL','Leo','Connolly','on','UH','217','Mac OSX 10.4.11','00:16:cb:91:39:b9','00:16:cb:b2:38:16','HP Deskjet 3845','',13),('44749','Apple','iMac 20\"','QP6340NVU2S','2006-01-01','college','CAL','Eri','Yasuhara','on','UH','219','Mac OSX 10.4.11','00:16:cb:97:45:59','00:16:cb:b4:f0:ee','HP Deskjet D2330','',13),('40840','Dell','GX270','CKMM251','2006-01-01','college','Philosophy',NULL,NULL,'on','UH','339','Windows XP','00:0d:56:9d:e4:a4',NULL,'HP OfficeJet Pro L7689 ','Smart Label Printer 200',13),('41041','HP','Color LaserJet 4600','JPAKD06135','2006-01-01','college','Philosophy',NULL,NULL,'on','UH','339','','00:01:e6:7e:18:cd',NULL,'','',13),('45562','Dell','Optiplex GX620','CH8VRC1','2007-01-01','college','Philosophy','Rachel','Siordia','on','UH','339','Windows XP','00:19:b9:1f:41:b7',NULL,'HP Deskjet D2330','Smart Label Printer 200',2),('38668','Apple','Power Mac G4','XB2280UUMIX','2002-01-01','college','Philosophy','Jill','Buroker','on','UH','340','Mac OSX 10.4.11','00:03:93:b5:04:7c',NULL,'HP Deskjet 5550','HP ScanJet 5400C',3),('35659','HP','Color Laserjet 4550','JPNCB20392','2000-01-01','college','World Languages',NULL,NULL,'on','UH','314','','00:01:e6:28:f8:de',NULL,'','',9),('46080','Dell','Optiplex 745','J5PKZC1','2007-01-01','dept','World Languages',NULL,NULL,'on','UH','314','Windows XP','00:19:b9:3d:7f:69',NULL,'','Smart Label Printer 240 CanoScan Lide 60',2),('46017','HP','Laserjet M4345 MFP','CNCC71J075','2007-01-01','college','World Languages',NULL,NULL,'on','UH','314','','00:17:a4:93:60:cc',NULL,'','',2),('38356','Dell','GX240','8KGZG11','2002-01-01','college','World Languages',NULL,NULL,'on','UH','314','Windows XP','00:06:5b:a1:8c:ae',NULL,'','Smart Label Printer 240',3),('42895','Dell','GX280','2FJYP71','2006-01-01','college','World Languages','Parri','King','on','UH','314','Windows XP','00:12:3f:84:ff:ba',NULL,'HP Laserjet 1000 series','Dymo Labelwriter Twin Turbo',13),('40760','Dell','GX270','CZQPT41','2005-01-01','college','RAFFMA','Tiffany','Talavera','on','VA','104C','Windows XP','00:0d:56:f2:b9:74',NULL,'HP Deskjet 5550','',19),('42295','Dell','Latitude D600','1CXWQ61','2007-01-01','dept','RAFFMA','Museum','General','on','VA','104C','Windows XP','00:0e:35:cd:7e:fa',NULL,'','used with projector 42294',2),('42294','Sharp','Notevision PG A20X','412321844','2006-01-01','dept','RAFFMA','Museum','General','on','VA','104C','',NULL,NULL,'','projector',13),('43348','Dell','GX270','3WYVYN71','2006-01-01','college','Art','Yvette','Menacho','on','VA','105','Windows XP','00:12:3f:2f:54:5c',NULL,'HP Officejet 5519','Brother Ptouch QL550',13),('36136','HP','Color Laserjet 4550N','JPNCC27410','2002-01-01','college','Art',NULL,NULL,'on','VA','105','',NULL,NULL,'','54 2 printing error',3),('36143','Dell','GX115','B199J01','2000-01-01','college','Art',NULL,NULL,'on','VA','105','Windows XP','00:b0:d0:dc:84:d4',NULL,'','Brother Ptouch QL550',9),('45531','Fellowes','Powershred 320','PS320','2004-01-01','dept','Art',NULL,NULL,'on','VA','105','',NULL,NULL,'','',4),('35601','Ricoh','Aficio 220','33758','2000-01-01','dept','Art',NULL,NULL,'on','VA','105','',NULL,NULL,'','',9),('43407','Dell','Optiplex GX620','28230B1','2007-01-01','college','RAFFMA','Andrea','Callahan','on','VA','105','Windows XP','00:13:72:82:44:06',NULL,'HP Deskjet 970Cxi','HP Color Laserjet 2605dn CNGC7198BC 0017088bd09d',2),('43408','Dell','Optiplex GX620','38230B1','2007-01-01','college','RAFFMA','Candace','Parks','on','VA','105','Windows XP','00:13:72:82:45:93',NULL,'HP Deskjet 460','Brother QL550',2),('40845','Dell','GX270','3LMM251','2006-01-01','college','Theatre Arts','Natasha','Richardson','on','PA','111','Windows XP','00:0d:56:9d:e4:68',NULL,'','Dymo LabelWriter 400',13),('38347','Dell','GX240','HLHZG11','2002-01-01','college','Theatre Arts',NULL,NULL,'on','PA','111','Windows XP','00:06:5b:a1:8e:7a',NULL,'HP Deskjet D2330','CanoScan Lide70',3),('40163','Apple','Power Mac G4','XB3220BBN1W','2002-01-01','college','Music',NULL,NULL,'on','PA','111','Mac OSX 10.3.9','00:0a:95:79:ce:92',NULL,'','',3),('45693','HP','Color Laserjet 4600','JPBKB15818','2003-01-01','dept','Music',NULL,NULL,'on','PA','111','','00:30:c1:54:b3:3f',NULL,'','',20),('40756','Dell','GX270','80RPT41','2006-01-01','college','Music','Lisa','DeMarco Ryden','on','PA','111','Windows XP','00:0d:56:f2:ba:11',NULL,'','',13),('42696','Sharp','AR BC260','1815','2002-01-01','dept','Music',NULL,NULL,'on','PA','111','',NULL,NULL,'','copier',3),('41220','HP','Laserjet 4200','CNDX403272','2005-01-01','dept','Music','Piano Lab',NULL,'on','PA','133','','00:01:e6:9f:88:f7',NULL,'','',19),('44127','Apple','eMac','G85403M4SCH','2004-01-01','dept','Music','Piano Lab',NULL,'on','PA','133','Mac OSX 10.4.11','00:14:51:13:33:48',NULL,'','',4),('45751','Apple','Cinema Display 23\"','2A6520QUUG0','2007-01-01','college','Music','Piano Lab',NULL,'on','PA','133','',NULL,NULL,'','hooked up to PA133 10 40',2),('28844','Kawai','Digital Piano PN60','9307816','2002-01-01','dept','Music','Piano Lab',NULL,'on','PA','133','',NULL,NULL,'','',3),('46446','Apple','Mac Pro','G870315AUPZ','2007-01-01','college','Music','Piano Lab',NULL,'on','PA','133','Mac OSX 10.4.11','00:17:f2:06:14:76',NULL,'','2nd eth 00:17:f2:06:14:77',2),('28841','Kawai','Digital Piano PN60','9307829','2005-01-01','dept','Music','Piano Lab',NULL,'on','PA','133','',NULL,NULL,'','',19),('46453','Apple','Mac Pro','G870315ZUPZ','2007-01-01','college','Music','Piano Lab',NULL,'on','PA','133','Mac OSX 10.4.11','00:17:f2:06:15:06',NULL,'','Tagged PA133 02 30 and 23\" Cinema Display 2A6520RWUG0',2),('46454','Apple','Mac Pro','G870310QUPZ','2007-01-01','college','Music','Piano Lab',NULL,'on','PA','133','Mac OSX 10.4.11','00:17:f2:05:df:da',NULL,'','Tagged PA13303 33 and 23\" Cinema Display 2A6520V5UG0',2),('28842','Kawai','Digital Piano PN60','9307818','2005-01-01','dept','Music','Piano Lab',NULL,'on','PA','133','',NULL,NULL,'','',19),('46451','Apple','Mac Pro','G870316BUPZ','2007-01-01','college','Music','Piano Lab',NULL,'on','PA','133','Mac OSX 10.4.11','00:17:f2:05:df:e6',NULL,'','Tagged PA133 18 and 23\" Cinema Display ',2),('46448','Apple','Mac Pro','G870314TUPZ','2007-01-01','college','Music','Piano Lab',NULL,'on','PA','133','Mac OSX 10.4.11','00:17:f2:06:14:50',NULL,'','Tagged PA13315 45 and 23\" Cinema Display 2A6520QYUG0',2),('46449','Apple','Mac Pro','G8703110UPZ','2007-01-01','college','Music','Piano Lab',NULL,'on','PA','133','Mac OSX 10.4.11','00:17:f2:06:14:fc',NULL,'','Tagged PA13316 46 and 23\" Cinema Display 2A6520QXUG0',2),('46455','Apple','Mac Pro','G870314PUPZ','2007-01-01','college','Music','Piano Lab',NULL,'on','PA','133','Mac OSX 10.4.11','00:17:f2:06:15:1c',NULL,'','Tagged PA13304 34 and 23\" Cinema Display 2A6520RBUG0',2),('28846','Kawai','Digital Piano PN60','9307817','2005-01-01','dept','Music','Piano Lab',NULL,'on','PA','133','',NULL,NULL,'','',19),('46443','Apple','Mac Pro','G870310PUPZ','2007-01-01','college','Music','Piano Lab',NULL,'on','PA','133','Mac OSX 10.4.11','00:17:f2:06:15:d0',NULL,'','Tagged PA13305 35 and Dell standard display',2),('28847','Kawai','Digital Piano PN60','9307824','2005-01-01','dept','Music','Piano Lab',NULL,'on','PA','133','',NULL,NULL,'','',19),('46444','Apple','Mac Pro','G870311CUPZ','2007-01-01','college','Music','Piano Lab',NULL,'on','PA','133','Mac OSX 10.4.11','00:17:f2:06:13:6a',NULL,'','Tagged PA13307 37 and 23\" Cinema Display 2A6520R3UG0',2),('28850','Kawai','Digital Piano PN60','9307840','2005-01-01','dept','Music','Piano Lab',NULL,'on','PA','133','',NULL,NULL,'','',19),('46445','Apple','Mac Pro','G870314RUPZ','2007-01-01','college','Music','Piano Lab',NULL,'on','PA','133','Mac OSX 10.4.11','00:17:f2:06:13:64',NULL,'','Tagged PA13308 38 and 23\" Cinema Display 2A6520RFUG0',2),('46447','Apple','Mac Pro','G8703167UPZ','2007-01-01','college','Music','Piano Lab',NULL,'on','PA','133','Mac OSX 10.4.11','00:17:f2:05:df:d8',NULL,'','Tagged PA13309 39 and 23\" Cinema Display 2A6520RCUG0',2),('28848','Kawai','Digital Piano PN60','9306017','2007-01-01','dept','Music','Piano Lab',NULL,'on','PA','133','',NULL,NULL,'','',2),('46441','Apple','Mac Pro','G870310NUPZ','2007-01-01','college','Music','Piano Lab',NULL,'on','PA','133','Mac OSX 10.4.11','00:17:f2:05:df:b0',NULL,'','Tagged Pa13314 44 and 23 Cinema Display 2A6520RAUG0',2),('46442','Apple','Mac Pro','G870312BUPZ','2007-01-01','college','Music','Piano Lab',NULL,'on','PA','133','Mac OSX 10.4.11','00:17:f2:06:14:1c',NULL,'','Tagged PA13313 43 and 23\" Cinema Display 2A6520QZUG0',2),('46490','Apple','Mac Pro','G870310VUPZ','2007-01-01','college','Music','Piano Lab',NULL,'on','PA','133','Mac OSX 10.4.11','00:17:f2:06:14:e4',NULL,'','Tagged PA13312 42 and 23\" Cinema Display 2A6520RRUG0',2),('46489','Apple','Mac Pro','G870311UUPZ','2007-01-01','college','Music','Piano Lab',NULL,'on','PA','133','Mac OSX 10.4.11','00:17:f2:06:14:36',NULL,'','Tagged PA13311 41 and 23\" Cinema Display 2A6520QVUG0',2),('46450','Apple','Mac Pro','G870310YUPZ','2007-01-01','college','Music','Piano Lab',NULL,'on','PA','133','Mac OSX 10.4.11','00:17:f2:06:15:3e',NULL,'','Tagged Pa13317 47 and has Dell standard monitor',2),('45528','Apple','Mac Pro','G870314MUPZ','2007-01-01','college','Music','Piano Lab',NULL,'on','PA','133','Mac OSX 10.4.11','00:17:f2:06:14:f2',NULL,'','Tagged Pa13306 36 and 23\" Cinema Display 2A6520RXUG0',2),('28843','Kawai','Digital Piano PN60','9307841','2005-01-01','dept','Music','Piano Lab',NULL,'on','PA','133','',NULL,NULL,'','',19),('39146','Dell','GX240','J23CP11','2002-01-01','college','Music','Rebecca','Tomlinson','on','PA','119','Windows XP','00:06:5b:97:dc:54',NULL,'','',3),('39145','Dell','GX240','423CP11','2002-01-01','college','Music','Nancy','Glen','on','PA','119','Windows XP','00:06:5b:97:dc:70',NULL,'HP Deskjet D2330','Canon CanoScan LiDE90',3),('39167','Dell','GX240','GRQCP11','2002-01-01','college','Theatre Arts','Michelle','Ebert Freire ','on','PA','117','Windows 2000','00:06:5b:97:ef:4a',NULL,'HP Deskjet 940c','Microtek ScanMaker X12USL',3),('36413','Dell','GX150','CB0ZP01','2002-01-01','college','Theatre Arts','Part Time',NULL,'on','PA','115','Windows XP','00:b0:d0:cf:90:49',NULL,'HP Deskjet D2330','needs flat screen monitor',3),('42527','Dell','GX280','B0BV871','2002-01-01','college','Theatre Arts','Lee','Lyons','on','PA','114','Windows XP','00:11:43:29:26:75',NULL,'HP Deskjet 5550','',3),('46401','Apple','Cinema Display 23\"','2A7155WFMN','2006-01-01','dept','Theatre Arts','Lee','Lyons','on','PA','114','',NULL,NULL,'','',13),('33964','Unknown','Unknown','Unknown','2002-01-01','dept','Theatre Arts','Lee','Lyons','on','PA','114','Unknown',NULL,NULL,'','Custom with Canopus audio output and Sony DV drive',3),('38371','Dell','GX240','6LGZ11','2002-01-01','college','Theatre Arts','Part Time',NULL,'on','PA','105','Windows XP','00:06:5b:a1:8c:91',NULL,'','',3),('45815','Apple','Mac Pro','G88152VYXYK','2007-01-01','dept','Theatre Arts','Johanna','Smith','on','PA','103','Mac OSX 10.5.3','00:1f:5b:30:18:b0',NULL,'HP Deskjet 5550','',2),('45816','Apple','Cinema Display 23\"','2A8121KYXMN','2007-01-01','dept','Theatre Arts','Johanna','Smith','on','PA','103','',NULL,NULL,'','',2),('45694','Apple','MacBook Pro','W86321SGVWY','2006-09-04','college','Music','Todd','Johnson','on','PA','113','Mac OSX 10.4.11','00:16:cb:94:e7:de','00:17:f2:45:37:38','','',33),('44885','Apple','Cinema Display 20\"','2A6292Z8UFZ','2007-01-01','college','Theatre Arts','Andre','Harrington','on','PA','121','',NULL,NULL,'','',2),('40762','Dell','GX270','GYQPT41','2005-01-01','college','Liberal Studies','PALS',NULL,'on','CE','114','Windows XP','00:0d:56:f2:b9:f6',NULL,'HP Deskjet 5550','Dymo LabelWriter Turbo 330',19),('41118','HP','Color Laserjet 4600','JPAKG05992','2005-01-01','dept','Liberal Studies','PALS',NULL,'on','CE','114','','00:01:e6:70:be:d2',NULL,'','',19),('39163','Dell','GX240','GQQCP11','2002-01-01','college','CAL',NULL,NULL,'on','UH','047A','Windows XP','00:06:5b:97:f0:14',NULL,'','',3),('38396','Dell','GX240','JNFZG11','2002-01-01','college','Liberal Studies','Katherine','Thomerson','on','CE','114E','Windows XP','00:06:5b:a1:8e:ac',NULL,'HP Deskjet 3845','Canon CanoScan LiDE 25',3),('45538','Dell','Optiplex GX620','68T3T91','2007-01-01','college','Liberal Studies','Jerrold','Pritchard','on','CE','114D','Windows XP','00:13:72:77:a6:3e',NULL,'HP Deskjet 3845','Dymo LabelWriter Turbo 330',2),('35431','Ricoh','Aficio 220','38087','2000-01-01','dept','Liberal Studies','PALS',NULL,'on','CE','114F','',NULL,NULL,'','Copier',9),('40842','Dell','GX270','5LMM251','2005-01-01','college','Liberal Studies','PALS',NULL,'on','CE','114','Windows XP','00:0d:56:9d:e4:9a',NULL,'HP Deskjet 940c','zoomtext Smart Label Printer 200',19),('42528','Dell','GX280','70BV871','2006-01-01','college','Liberal Studies','Marianna','Bencomo Jasso','on','CE','114B','Windows XP','00:11:43:29:28:b3',NULL,'HP Deskjet 3845','Smart Label Printer 200 Canon CanoScan LiDE25',13),('38313','Dell','GX240','BNHZG11','2002-01-01','college','Liberal Studies','PALS',NULL,'on','CE','114','Windows XP','00:06:5b:a1:8e:64',NULL,'HP Laserjet P2015dn','HP Deskjet 3845 ',3),('39005','Apple','eMac','G82235FULL7','2001-01-15','college','English','Lab',NULL,'on','UH','055','Mac OSX 10.4.11','00:03:93:a1:88:f8',NULL,'','UH05503',34),('39041','Apple','eMac','G8223BGJLL7','2001-01-15','college','English','Lab',NULL,'on','UH','055','Mac OSX 10.4.11','00:03:93:9a:fa:6a',NULL,'','UH05504',34),('39036','Apple','eMac','G82235GGLL7','2001-01-15','college','English','Lab',NULL,'on','UH','055','Mac OSX 10.4.11','00:03:93:a1:88:42',NULL,'','UH05506',34),('39044','Apple','eMac','G82239H2LL7','2001-01-15','college','English','Lab',NULL,'on','UH','055','Mac OSX 10.4.11','00:03:93:a1:8a:ea',NULL,'','UH05505',34),('39032','Apple','eMac','G82235G8LL7','2001-01-15','college','English','Lab',NULL,'on','UH','055','Mac OSX 10.4.11','00:03:93:a1:8c:12',NULL,'','UH05513',34),('39038','Apple','eMac','G8223BGNLL7','2001-01-15','college','English','Lab',NULL,'on','UH','055','Mac OSX 10.4.11','00:03:93:9a:ee:12',NULL,'','UH05514',34),('39011','Apple','eMac','G82235GKLL7','2001-01-15','college','English','Lab',NULL,'on','UH','055','Mac OSX 10.4.11','00:03:93:8a:77:38',NULL,'','UH05515',34),('39015','Apple','eMac','G82235FQLL7','2001-01-15','college','English','Lab',NULL,'on','UH','055','Mac OSX 10.4.11','00:03:93:a1:8c:3c',NULL,'','UH05518',34),('39002','Apple','eMac','G82235FPLL7','2001-01-15','college','English','Lab',NULL,'on','UH','055','Mac OSX 10.4.11','00:03:93:8a:77:44',NULL,'','UH05517',34),('39009','Apple','eMac','G82229ATLL7','2001-01-15','college','English','Lab',NULL,'on','UH','055','Mac OSX 10.4.11','00:03:93:b0:c3:b0',NULL,'','UH05516',34),('39027','Apple','eMac','G82235G1LL7','2001-01-15','college','English','Lab',NULL,'on','UH','055','Mac OSX 10.4.11','00:03:93:8a:76:04',NULL,'','UH05522',34),('39037','Apple','eMac','G8223BGGLL7','2001-01-15','college','English','Lab',NULL,'on','UH','055','Mac OSX 10.4.11','00:03:93:9a:ff:14',NULL,'','UH05523',34),('38485','Apple','eMac','G82239GYLL7','2001-01-15','college','English','Lab',NULL,'on','UH','055','Mac OSX 10.4.11','00:03:93:a1:8d:48',NULL,'','UH05524',34),('39001','Apple','eMac','G82235G0LL7','2001-01-15','college','English','Lab',NULL,'on','UH','055','Mac OSX 10.4.11','00:03:93:a1:8b:64',NULL,'','UH05520',34),('39014','Apple','eMac','G82229A0LL7','2001-01-15','college','English','Lab',NULL,'on','UH','055','Mac OSX 10.4.11','00:03:93:b0:c7:7c',NULL,'','UH05521',34),('39012','Apple','eMac','G82235G5LL7','2001-01-15','college','English','Lab',NULL,'on','UH','055','Mac OSX 10.4.11','00:03:93:8a:77:18',NULL,'','UH05519',34),('39043','Apple','eMac','G82239HALL7','2001-01-15','college','English','Lab',NULL,'on','UH','055','Mac OSX 10.4.11','00:03:93:b2:45:36',NULL,'','UH05507',34),('39047','Apple','eMac','G8223BGQLL7','2001-01-15','college','English','Lab',NULL,'on','UH','055','Mac OSX 10.4.11','00:03:93:9a:f9:70',NULL,'','UH05508',34),('39008','Apple','eMac','G82235F5LL7','2001-01-15','college','English','Lab',NULL,'on','UH','055','Mac OSX 10.4.11','00:03:93:a2:e7:2e',NULL,'','UH05509',34),('39048','Apple','eMac','G8223BGHLL7','2001-01-15','college','English','Lab',NULL,'on','UH','055','Mac OSX 10.4.11','00:03:93:9a:f9:30',NULL,'','UH05510',34),('39040','Apple','eMac','G8223BGRLL7','2001-01-15','college','English','Lab',NULL,'on','UH','055','Mac OSX 10.4.11','00:03:93:9a:ee:0c',NULL,'','UH05511',34),('39023','Apple','eMac','G82235FNLL7','2001-01-15','college','English','Lab',NULL,'on','UH','055','Mac OSX 10.4.11','00:03:93:8a:78:9a',NULL,'','UH05512',34),('39017','Apple','eMac','G8222944LL7','2001-01-15','college','English','Lab',NULL,'on','UH','055','Mac OSX 10.4.11','00:03:93:9a:e9:a4',NULL,'','UH05525',34),('39018','Apple','eMac','G82235GVLL7','2001-01-15','college','English','Lab',NULL,'on','UH','055','Mac OSX 10.4.11','00:03:93:a2:e3:52',NULL,'','UH05526',34),('39010','Apple','eMac','G82235FDLL7','2001-01-15','college','English','Lab',NULL,'on','UH','055','Mac OSX 10.4.11','00:03:93:8a:78:0a',NULL,'','UH05501',34),('39003','Apple','eMac','G82235FBLL7','2001-01-15','college','English','Lab',NULL,'on','UH','055','Mac OSX 10.4.11','00:03:93:a1:8e:58',NULL,'','UH05502',34),('46380','Apple','MacBook Pro 15\"','w8739akyx92','2009-01-29','dept','English','Kevin','Moffett','off','UH','301.35','Mac OSX 10.5','00:1b:63:9f:46:21',NULL,'','',35),('46485','Dell','Latitude D630','25Z4QD1','2008-01-01','college','English','Brenda','Glascott','off','UH','301.39','Windows XP','00:1c:23:0f:c4:e7','00:1b:77:c5:26:58','','',8),('46392','Apple','MacBook Pro 15\"','W89130VC8Q1','2009-04-17','college','Art','David','Kreitz','off','VA','215','Mac OSX 10.5.6','00:25:00:d0:05:ba','00:23:6c:99:d4:ea','Epson R280','',36),('46405','HP','dc7900','MXL92201X2','2009-06-01','college','English','Charmaine','Boucher','on','UH','301.26','Windows XP','00:24:81:94:65:d3',NULL,'HP Deskjet D2360','Smart Label Printer 200',37),('46406','Apple','MacBook Pro 15\"','W89095BP1G0','2009-06-10','dept','English','Kim','Costino','off','UH','301.04','Mac OSX 10.5.7','00:23:df:9f:53:8e','00:23:6c:96:c7:ba','','',38),('39719','Apple','PowerBook G4','UV3160DENP4','2001-01-01','college','CAL',NULL,NULL,'on','UH','047A','Mac OSX 10.4.11','00:03:93:d3:d1:24','00:03:93:e9:de:e3','','',17),('38372','Dell','GX240','JKGZG11','2002-01-01','college','CAL',NULL,NULL,'on','UH','047A','Windows XP',NULL,NULL,'','',3),('43352','Dell','GX280','4WYVN71','2006-01-01','college','English','Part Time',NULL,'on','UH','301.27','Windows XP','00:12:3f:32:9c:22',NULL,'','',13),('38326','Dell','GX240','7TFZG11','2002-01-01','college','CAL',NULL,NULL,'on','UH','047A','Windows XP',NULL,NULL,'','no graphics card',3),('34906','Apple','Power Mac G4','XBO262EKJ2S','2002-01-01','college','CAL',NULL,NULL,'on','UH','047A','Mac OSX 10.2.8','00:30:65:9a:d9:d6',NULL,'','',3),('35960','Apple','Power Mac G4','XB1090A5J3B','2000-01-01','college','CAL',NULL,NULL,'on','UH','047A','Mac OSX 10.2.8','00:30:65:ba:89:f6',NULL,'','does not boot',9),('36399','Apple','PowerBook G4','QT1260EQLBW','2002-01-01','college','CAL',NULL,NULL,'on','UH','047A','Mac OSX 10.2.8','00:03:93:15:f1:d0',NULL,'','does not boot',3),('35056','Sony','DCR TRV900 NTSC','1100987','2002-01-01','college','CAL',NULL,NULL,'on','UH','047A','',NULL,NULL,'','Mini DV recorder',3),('46366','Apple','MacBook Pro 15\"','W87381P8X92','2007-01-01','college','CAL',NULL,NULL,'on','UH','047A','Mac OSX 10.4.10','00:1b:63:a2:c2:76',NULL,'','Used to belong to Kevin Moffett',2),('39004','Apple','eMac','G82235GELL7','2002-01-01','college','CAL',NULL,NULL,'on','UH','047A','Mac OSX 10.4.11','00:03:93:8a:76:80',NULL,'','',3),('40273','Sharp','XG NV2U','808319756','1998-01-01','college','CAL',NULL,NULL,'on','UH','047A','',NULL,NULL,'','LCD Projector',26),('34868','Dell','PowerEdge 4400','JCTV00B','2001-01-01','college','CAL','Server Room',NULL,'on','UH','047','',NULL,NULL,'','',17),('34732','Dell','PowerEdge 4400','CRJT00B','2001-01-01','college','CAL','Server Room',NULL,'on','UH','047','',NULL,NULL,'','thunderbolt',17),('41034','APC','Smart UPS 3000','WS0011005794','2002-01-01','college','CAL','Server Room',NULL,'on','UH','047','','00:c0:b7:c3:1e:b0',NULL,'','super flash',3),('35063','Dell','PowerEdge 2450','2SD5101','2002-01-01','college','CAL','Server Room',NULL,'on','UH','047','',NULL,NULL,'','meeting maker server',3),('34731','Dell','PowerEdge 4400','BRJT00B','2002-01-01','college','CAL','Server Room',NULL,'on','UH','047','',NULL,NULL,'','Bonneville',3),('41144','Apple','Power Mac G4 Cube','XA121042K59','2000-01-01','college','CAL','Server Room',NULL,'on','UH','047','Mac OSX 10.3.9','00:30:65:b2:0a:10',NULL,'','Vectorworks license server 53 158',9),('36418','Dell','KVM Switch 0223EEH','US 023JEEH 18820 164 8879','2000-01-01','college','CAL','Server Room',NULL,'on','UH','047','',NULL,NULL,'','',9),('40395','Apple','Mac OS X Server','QP3390BN4NP2','2003-01-01','college','CAL','Server Room',NULL,'on','UH','047','Mac OSX 10.4.11','00:0a:95:e5:4d:d8',NULL,'','Xserve 1',20),('40394','Apple','Mac OS X Server','QP3390B1NP2','2003-01-01','college','CAL','Server Room',NULL,'on','UH','047','Mac OSX 10.4.11','00:0a:95:e4:9d:36',NULL,'','',20),('40392','Apple','Mac OS X Server','QP3390B2NP2','2003-01-01','college','CAL','Server Room',NULL,'on','UH','047','Mac OSX 10.4.11','00:0a:95:e4:9f:a8',NULL,'','Xserve 2',20),('40393','Apple','Mac OS X Server','QP339083NP2','2003-01-01','college','CAL','Server Room',NULL,'on','UH','047','Mac OSX 10.4.11','00:03:33:f4:65:80',NULL,'','not active',20),('40391','Apple','Mac OS X Server','QP33907RM98','2004-01-01','college','CAL','Server Room',NULL,'on','UH','047','Mac OSX 10.4.11','00:0a:95:35:ca:e7',NULL,'','file server for art  vrc \neth2 000a9535cb77',4),('40396','Apple','Mac OS X Server','QP339080M98','2004-01-01','college','CAL','Server Room',NULL,'on','UH','047','Mac OSX 10.4.11','00:0a:95:35:d1:65',NULL,'','radmind images 000a9535cd45',4),('46407','APC','Smart UPS 3000','XS0018005346','2000-01-01','college','CAL','Server Room',NULL,'on','UH','047','','00:c0:b7:a2:19:64',NULL,'','firebird',9),('45028','Dell','PowerEdge 860','FF5905C1','2006-01-01','college','CAL','Server Room',NULL,'on','UH','047','Windows Server 2003 ','00:15:c5:f4:9a:af',NULL,'','Xtemplate 62 17',13),('44931','Dell','PowerEdge 2161DS 2','CDD0M91','2006-01-01','college','CAL','Server Room',NULL,'on','UH','047','',NULL,NULL,'','KVM Switch',13),('38359','Dell','GX240','2JGZG11','2002-01-01','college','English','Christi','Rucker','on','UH','301.09','Windows XP','00:06:5b:a1:8c:ff',NULL,'HP Deskjet 5440','',3),('45553','Dell','PowerEdge 2950','FZ71TB1','2006-01-01','college','CAL','Server Room',NULL,'on','UH','047','',NULL,NULL,'','',13),('45554','Dell','PowerEdge 2950','GZ71TB1','2006-01-01','college','CAL','Server Room',NULL,'on','UH','047','',NULL,NULL,'','',13),('45555','Dell','PowerEdge 2950','CZ71TB1','2006-01-01','college','CAL','Server Room',NULL,'on','UH','047','',NULL,NULL,'','',13),('45556','Dell','PowerEdge 2950','DZ71TB1','2006-01-01','college','CAL','Server Room',NULL,'on','UH','047','',NULL,NULL,'','',13),('45557','Dell','PowerEdge 2950','HZ71TB1','2006-01-01','college','CAL','Server Room',NULL,'on','UH','047','',NULL,NULL,'','',13),('34222','Toshiba','PAP311U T2W8','10370291U 1','2000-01-01','college','CAL',NULL,NULL,'on','UH','047','',NULL,NULL,'','laptop',9),('46408','HP','dc7900','MXL92201X4','2009-01-01','college','CAL',NULL,NULL,'on','UH','047A','Windows XP','00:24:81:94:66:35',NULL,'','',39),('34201','Dell','Inspiron 7500','Y516K','2009-01-01','college','CAL',NULL,NULL,'on','UH','047A','Windows XP','00:09:5b:1d:08:8f',NULL,'','',39),('46409','HP','dc7900','MXL92201X3','2009-01-01','college','CAL',NULL,NULL,'on','UH','047A','Windows XP','00:24:81:94:62:17',NULL,'','',39),('45657','Apple','Mac Pro','G870312TUPZ','2006-01-01','dept','Communications','TV','Lab','on','UH','039','Mac OSX 10.4.11','00:17:f2:06:16:96',NULL,'','',13),('45604','Apple','Cinema Display 23\"','2A6512H4UG0','2006-01-01','dept','Communications','TV','Lab','on','UH','039','',NULL,NULL,'','Local Matters TV Show',13),('40765','Dell','GX270','4ZQPT41','2004-01-01','college','CAL','Cynthia','Moss','on','UH','237','Windows XP','00:0d:56:f2:ba:20',NULL,'HP Deskjet 940c','',4),('39141','Dell','Latitude C840','24W1P11','2000-01-01','college','CAL',NULL,NULL,'on','UH','047A','Windows XP','00:08:74:01:4f:c1',NULL,'','',9),('38323','Dell','GX240','BQFZG11','2002-01-01','college','Communications','Ahlam','Muhtaseb','on','UH','201.23','Windows XP','00:06:5b:a1:8d:e4',NULL,'HP Deskjet 5740','HP Scanjet 4670',3),('46383','Dell','Optiplex GX755','FRXP9G1','2007-01-01','college','CAL','Richard','Jarvis','on','UH','201.27','Windows XP','00:21:70:06:07:79',NULL,'HP Deskjet 3845','',2),('43350','Dell','GX280','BWYVN71','2005-01-01','college','CAL','Erika','Quinonez','on','UH','201.28','Windows XP','00:12:3f:33:21:80',NULL,'HP Deskjet 3847','Dymo LabelWriter 400 Turbo',19),('38402','Dell','GX240','1ZLMH11','2002-01-01','college','English','Mary','Boland','on','UH','301.20','Windows XP','00:06:5b:a4:24:20',NULL,'HP Deskjet D2330','',3),('40761','Dell','GX270','C0RPT41','2006-01-01','college','Theatre Arts','Margaret','Perry','on','PA','109','Windows XP','00:0d:56:f2:ba:16',NULL,'HP Deskjet D2530','',13),('43788','Sony','Power HAD EX','104528','2004-01-01','dept','Communications','TV Studio',NULL,'on','UH','025','',NULL,NULL,'','Camera',4),('43787','Sony','Power HAD EX','104536','2004-01-01','dept','Communications','TV Studio',NULL,'on','UH','025','',NULL,NULL,'','Camera 3',4),('44016','Sony','Power HAD EX','104525','2004-01-01','dept','Communications','TV Studio',NULL,'on','UH','025','',NULL,NULL,'','Camera 1',4),('22619','Panasonic','AG7350','B2TC00509','1990-01-01','dept','Communications','TV Studio',NULL,'on','UH','025','',NULL,NULL,'','Video Cassette Recorder',40),('22616','Panasonic','AG7350','A2TB00168','1990-01-01','dept','Communications','TV Studio',NULL,'on','UH','025','',NULL,NULL,'','Video Cassette Recorder',40),('21062','Sony','BVU 950','15535','1990-01-01','dept','Communications','TV Studio',NULL,'on','UH','025','',NULL,NULL,'','Video Cassette Recorder',40),('33135','Mackie','SR24 4','t52493','2002-01-01','dept','Communications','TV Studio',NULL,'on','UH','025','',NULL,NULL,'','2442 4 Bus Mixing Console',3),('40254','Apple','Powerbook G4 12\"','UV3141WOMRTFF13','2003-01-01','college','World Languages','Lab',NULL,'on','UH','008','Mac OSX 10.4.11','00:03:93:d3:cd:fe',NULL,'','',20),('38333','Dell','GX240','JPFZG11','2002-01-01','college','Theatre Arts','Tom','Provenzano','on','PA','104','Windows XP','00:06:5b:76:63:9e',NULL,'HP Laserjet 5L','Canon LiDE 60',3),('44542','Dell','Latitude X1','89GHWB1','2006-01-01','college','Theatre Arts','Terry','Smith','off','PA','106','Windows XP','00:15:c5:e5:14:6c',NULL,'HP PCS 1315 all in one','',13),('44124','Apple','eMac','G85403NESCH','2004-01-01','college','Music','Music Library',NULL,'on','PA','123','Mac OSX 10.4.9','00:14:51:13:29:16',NULL,'','',4),('36157','Apple','PowerMac G4','XB11527XKXR','2002-01-01','college','Music','Instrument Room',NULL,'on','PA','129','Mac OSX 10.2.8','00:03:93:05:37:0',NULL,'','not plugged in',3),('33603','Mackie','HI Human User Interf','AK11748','2004-01-01','college','Music','Instrument Room',NULL,'on','PA','129','',NULL,NULL,'','',4),('25742','Yamaha','Rev 5 Digital Reverb','OY01162','2000-01-01','dept','Music','Instrument Room',NULL,'on','PA','129','',NULL,NULL,'','',9),('33525','Pioneer','CLD V880','SKPP021174UC','2000-01-01','dept','Music','Instrument Room',NULL,'on','PA','129','',NULL,NULL,'','',9),('41191','Yamaha','Trombone','NA','2004-01-01','dept','Music','Instrument Room',NULL,'on','PA','129','',NULL,NULL,'','',4),('21041','Apple','Macintosh SE','F945503802','1988-01-01','college','Music','Instrument Room',NULL,'on','PA','129','8.0',NULL,NULL,'','',41),('21574','Roland','JC 120','BB34102','2000-01-01','dept','Music','Instrument Room',NULL,'on','PA','129','',NULL,NULL,'','',9),('15086','Unknown','Trombone','Unknown','1990-01-01','dept','Music','Instrument Room',NULL,'on','PA','129','',NULL,NULL,'','008369',40),('37637','Mackie','SRM 450','21CB87087','2002-01-01','dept','Music','Instrument Room',NULL,'on','PA','129','',NULL,NULL,'','',3),('46423','Weril','Trumpet','Unknown','2006-01-01','dept','Music','Instrument Room',NULL,'on','PA','129','',NULL,NULL,'','',13),('21573','Ampeg','SVT 350T','T00DC00021','2000-01-01','dept','Music','Instrument Room',NULL,'on','PA','129','',NULL,NULL,'','',9),('46482','Weril','Horn','Unknown','2002-01-01','dept','Music','Instrument Room',NULL,'on','PA','129','',NULL,NULL,'','number is torn off',3),('46424','Weril','Horn','Unknown','2002-01-01','dept','Music','Instrument Room',NULL,'on','PA','129','',NULL,NULL,'','',3),('14158','Unknown','Saxophone','Unknown','1990-01-01','dept','Music','Instrument Room',NULL,'on','PA','129','',NULL,NULL,'','Bubba',40),('14320','Benge','Horn','Unknown','1990-01-01','dept','Music','Instrument Room',NULL,'on','PA','129','',NULL,NULL,'','',40),('19704','Otari','MX5050','18750408','1990-01-01','dept','Music','Instrument Room',NULL,'on','PA','129','',NULL,NULL,'','',40),('16170','Music Man','HD150','A0106529','1990-01-01','dept','Music','Instrument Room',NULL,'on','PA','129','',NULL,NULL,'','',40),('16171','Music Man','115RH','19645','1990-01-01','dept','Music','Instrument Room',NULL,'on','PA','129','',NULL,NULL,'','',40),('20046','Emax','1020','0581751','1990-01-01','dept','Music','Instrument Room',NULL,'on','PA','129','',NULL,NULL,'','',40),('17551','dbx','224X','41204527','1990-01-01','dept','Music','Instrument Room',NULL,'on','PA','129','',NULL,NULL,'','',40),('21459','dbx','F 900 A','1742108','1990-01-01','dept','Music','Instrument Room',NULL,'on','PA','129','',NULL,NULL,'','',40),('33329','Gebrder Mnning','English Horn','8283','2000-01-01','dept','Music','Instrument Room',NULL,'on','PA','129','',NULL,NULL,'','',9),('11587','Signet','Clarinet','Unknown','1990-01-01','dept','Music','Instrument Room',NULL,'on','PA','129','',NULL,NULL,'','',40),('10919','Henri Selmer','Clarinet','Unknown','1990-01-01','dept','Music','Instrument Room',NULL,'on','PA','129','',NULL,NULL,'','',40),('14699','Conn','Strobotuner','76261','1980-01-01','dept','Music','Instrument Room',NULL,'on','PA','129','',NULL,NULL,'','',42),('11817','Herwiga Rex','Flute','Unknown','1990-01-01','dept','Music','Instrument Room',NULL,'on','PA','129','',NULL,NULL,'','',40),('13991','Moeck','Flute','Unknown','2000-01-01','dept','Music','Instrument Room',NULL,'on','PA','129','',NULL,NULL,'','',9),('3090','Resonans','Violin','Unknown','2000-01-01','dept','Music','Instrument Room',NULL,'on','PA','129','',NULL,NULL,'','',9),('20343','Yamaha','Saxophone','Unknown','2000-01-01','dept','Music','Inventory Room',NULL,'on','PA','129','',NULL,NULL,'','',9),('18470','Otari','MX5050BQ','18630505','1990-01-01','dept','Music','Instrument Room',NULL,'on','PA','129','',NULL,NULL,'','',40),('28063','Yamaha','Horn','Unknown','2000-01-01','dept','Music','Inventory Room',NULL,'on','PA','129','',NULL,NULL,'','',9),('10947','King','Horn','Unknown','2000-01-01','dept','Music','Instrument Room',NULL,'on','PA','129','',NULL,NULL,'','',9),('10946','King','Horn','Unknown','2000-01-01','dept','Music','Instrument Room',NULL,'on','PA','129','',NULL,NULL,'','',9),('13387','Moeck','Horn','Unknown','2000-01-01','dept','Music','Instrument Room',NULL,'on','PA','129','',NULL,NULL,'','',9),('13389','Moeck','Horn','Unknown','2000-01-01','dept','Music','Instrument Room',NULL,'on','PA','129','',NULL,NULL,'','',9),('13388','Moeck','Horn','Unknown','2000-01-01','dept','Music','Instrument Room',NULL,'on','PA','129','',NULL,NULL,'','',9),('11819','Moeck','Horn','Unknown','2000-01-01','dept','Music','Instrument Room',NULL,'on','PA','129','',NULL,NULL,'','',9),('11560','Moeck','Horn','Unknown','2000-01-01','dept','Music','Instrument Room',NULL,'on','PA','129','',NULL,NULL,'','',9),('11818','Moeck','Horn','Unknown','2000-01-01','dept','Music','Instrument Room',NULL,'on','PA','129','',NULL,NULL,'','',9),('38321','Dell','GX240','BPFZG11','2002-01-01','college','Music','Dan','Robinson','on','PA','124','Windows 2000','00:06:5b:76:63:7f',NULL,'HP Laserjet 1200','',3),('44334','WTS','70 WTS952','5344','2006-01-01','dept','Music','Dan','Robinson','on','PA','124','',NULL,NULL,'','CD duplicator',13),('34843','Proxima','Desktop Projector 68','40E224886','2000-01-01','dept','Music','Dan','Robinson','on','PA','124','',NULL,NULL,'','',9),('33463','Mackie','HR824','AG36174','2004-01-01','dept','Music','Dan','Robinson','on','PA','124','',NULL,NULL,'','',4),('38322','Dell','GX240','3QFZG11','2002-01-01','college','Music','Dan','Robinson','on','PA','124','','00:06:5b:76:63:79',NULL,'','',3),('40841','Dell','GX270','1LMM251','2005-01-01','college','Music','Dan','Robinson','on','PA','124','Debian',NULL,NULL,'','music file server',19),('28495','HP','Laserjet 6MP','USBB090686','2000-01-01','college','Music','Dan','Robinson','on','PA','124','',NULL,NULL,'','',9),('33597','Apple','PowerMac G3','8G1900XGHY','2000-01-01','college','Music','Dan','Robinson','on','PA','124','Mac OSX 10.2.8','00:50:e4:10:5a:65',NULL,'','',9),('35933','Apple','PowerMac G4','XB10907FJ3B','2000-01-01','college','Music','Dan','Robinson','on','PA','124','Mac OSX 10.3.9','00:30:65:c9:02:32',NULL,'','',9),('35937','Apple','PowerMac G4','XB1080KRJ3B','2000-01-01','college','Music','Dan','Robinson','on','PA','124','','00:30:65:c8:f6:36',NULL,'','',9),('35959','Apple','PowerMac G4','XB1090B1J3B','2000-01-01','college','Music','Dan','Robinson','on','PA','124','Mac OSX 10.3.9','00:30:65:ba:8a:e0',NULL,'','',9),('35934','Apple','PowerMac G4','XB1080KJJ3B','2000-01-01','college','Music','Dan','Robinson','on','PA','124','Mac OSX 10.3.9','00:30:65:c9:00:aa',NULL,'','',9),('33470','Mackie','HR824','AG36749','2000-01-01','dept','Music','Sound Room',NULL,'on','PA','130','',NULL,NULL,'','',9),('45717','Apple','Mac Pro','G87153ZGUQ2','2006-01-01','dept','Music','Sound Room',NULL,'on','PA','130','Mac OSX 10.4.11','00:17:f2:08:d0:ce',NULL,'','',13),('33469','Mackie','HR824','AG36748','2000-01-01','dept','Music','Sound Room',NULL,'on','PA','130','',NULL,NULL,'','',9),('21602','Panasonic','CT 2790VY','AS02280255','1990-01-01','dept','Music','Sound Room',NULL,'on','PA','130','',NULL,NULL,'','TV',40),('47372','Euphonix','Digital Control Stud','Unknown','2004-01-01','dept','Music','Sound Room',NULL,'on','PA','130','',NULL,NULL,'','',4),('33191','Alesis','Adat Type II','2D6927622','2000-01-01','dept','Music','Sound Room',NULL,'on','PA','130','',NULL,NULL,'','Digital audio recorder',9),('25391','Mackie','24 8 Mixing Console','H19610','2000-01-01','dept','Music','Sound Room',NULL,'on','PA','130','',NULL,NULL,'','',9),('20149','Yamaha','KX88','Unknown','2000-01-01','dept','Music','Sound Room',NULL,'on','PA','130','',NULL,NULL,'','keyboard',9),('46402','Digidesign','3 Rack','Unknown','2006-01-01','dept','Music','Sound Room',NULL,'on','PA','130','',NULL,NULL,'','',13),('22289','Roland','JD800','ZC43404','2000-01-01','dept','Music','Sound Room',NULL,'on','PA','130','',NULL,NULL,'','synthesizer',9),('21166','Otari','MX 55','18900180','2000-01-01','dept','Music','Sound Room',NULL,'on','PA','130','',NULL,NULL,'','',9),('44125','Apple','eMac','G85402TESCH','2000-01-01','college','Music','Sound Room',NULL,'on','PA','124B','Mac OSX 10.4.9','00:14:51:13:3c:f6',NULL,'','',9),('22486','Tascam','DA30','360148 931','2000-01-01','dept','Music','Sound Room',NULL,'on','PA','124B','',NULL,NULL,'','',9),('17496','Onkyo','A 8017','5412625768','2000-01-01','dept','Music','Sound Room',NULL,'on','PA','124B','',NULL,NULL,'','',9),('36406','Dell','GX150','DMPRP01','2000-01-01','college','Music','Sound Room',NULL,'on','PA','124B','',NULL,NULL,'','',9),('33912','Johannus','Opus 30','1305e359912847','2000-01-01','dept','Music','Organ Room',NULL,'on','PA','131','',NULL,NULL,'','organ',9),('33961','Johannus','UL300','UL300 35 99','2000-01-01','dept','Music','Organ Room',NULL,'on','PA','131','',NULL,NULL,'','',9),('13115','Kenwood','KA 3500','520925','2000-01-01','dept','Music','Organ Room',NULL,'on','PA','131','',NULL,NULL,'','',9),('25570','Marantz','PMD510 U','MZ019520200229','2000-01-01','dept','Music','Organ Room',NULL,'on','PA','131','',NULL,NULL,'','',9),('25738','Nakamichi','670ZX','Unknown','2002-01-01','dept','Music','Organ Room',NULL,'on','PA','131','',NULL,NULL,'','',3),('40627','Tascam','DM24','Unknown','2000-01-01','dept','Music','Organ Room',NULL,'on','PA','131','',NULL,NULL,'','',9),('40626','Tascam','MU24 Meter unit','Unknown','2000-01-01','dept','Music','Organ Room',NULL,'on','PA','131','',NULL,NULL,'','',9),('37636','Mackie','SRM450','Unknown','2000-01-01','dept','Music','Organ Room',NULL,'on','PA','131','',NULL,NULL,'','',9),('37635','Mackie','SRM450','Unknown','2000-01-01','dept','Music','Organ Room',NULL,'on','PA','131','',NULL,NULL,'','',9),('47373','Yamaha','MG16 6FX','KX02633','2004-01-01','dept','Music','Organ Room',NULL,'on','PA','131','',NULL,NULL,'','',4),('35724','Proxima','Desktop Projector 68','41A253902','2000-01-01','dept','Music','Organ Room',NULL,'on','PA','131','',NULL,NULL,'','',9),('36013','Proxima','Desktop Projector 68','41A263987','2000-01-01','dept','Music','Organ Room',NULL,'on','PA','131','',NULL,NULL,'','',9),('34849','Proxima','Desktop Projector 68','40F095155','2000-01-01','dept','Music','Organ Room',NULL,'on','PA','131','',NULL,NULL,'','',9),('37946','Primera','CD Color Printer','2010500601','2000-01-01','dept','Music','Organ Room',NULL,'on','PA','131','',NULL,NULL,'','',9),('28849','Kawai','Digital Piano PN60','Unknown','2000-01-01','dept','Music','Piano Lab',NULL,'on','PA','133','',NULL,NULL,'','',9),('44884','Apple','MacBook Pro 17\"','W86330FZTHY','2007-01-01','college','Theatre Arts','Andre','Harrington','off','PA','121','Mac OSX 10.4.11','00:16:cb:c9:ae:ed','00:17:f2:44:6d:6e','','',2),('38393','Dell','GX240','4NFZG11','2002-01-01','college','Theatre Arts','Catherine','Erickson','on','PA','118','Windows XP','00:06:5b:a1:se:de',NULL,'HP Deskjet D4260','',3),('20037','Pfaff','138','119736','2000-01-01','dept','Theatre Arts','Costume Shop',NULL,'on','PA','134','',NULL,NULL,'','sewing machine',9),('11588','Pfaff','138 6','Unknown','2000-01-01','dept','Theatre Arts','Costume Shop',NULL,'on','PA','134','',NULL,NULL,'','sewing machine',9),('15074','Brother','MA4 B551','F0543744','2000-01-01','dept','Theatre Arts','Costume Shop',NULL,'on','PA','134','',NULL,NULL,'','sewing machine',9),('35833','Pfaff','Tipmatic 6122','34814221','2000-01-01','dept','Theatre Arts','Costume Shop',NULL,'on','PA','134','',NULL,NULL,'','sewing machine',9),('33124','Pfaff','Tipmatic 6122','34682674','2000-01-01','dept','Theatre Arts','Costume Shop',NULL,'on','PA','134','',NULL,NULL,'','sewing machine',9),('45754','Whirlpool','Cabrio agi','Unknown','2008-01-01','dept','Theatre Arts','Costume Shop',NULL,'on','PA','134','',NULL,NULL,'','washing machine',8),('45753','Whirlpool','Cabrio','Unknown','2000-01-01','dept','Theatre Arts','Costume Shop',NULL,'on','PA','134','',NULL,NULL,'','washing machine',9),('44171','Apple','iMac 20\"','QP62105EV4Q','2005-01-01','dept','Music','James','Radomski','on','PA','108','Mac OSX 10.4.11','00:16:cb:92:c3:93','00:16:cb:b1:9b:05','HP Deskjet 940c','',19),('14321','Denon','LP player','Unknown','1990-01-01','dept','Music','James','Radomski','on','PA','108','',NULL,NULL,'','',40),('13093','Kenwood','KA 3500','Unknown','1990-01-01','dept','Music','James','Radomski','on','PA','108','',NULL,NULL,'','',40),('42893','Dell','GX280','4DJYP71','2006-01-01','college','Music','Andrew','Crane','on','PA','207','Windows XP','00:12:3f:84:7e:4d',NULL,'HP Deskjet 3845','',13),('40948','Apple','Mac Pro','G8437NKMQPL','2007-01-01','dept','Music','Robert','Knop','on','PA','211','Mac OSX 10.3.9','00:0d:93:b2:d1:ea',NULL,'HP Deskjet 935C','',2),('43345','Apple','Mac Mini','YM5209LARHU','2002-01-01','college','Music','Larry','McFatter','on','PA','213','Mac OSX 10.4.11','00:0d:93:7a:bf:52',NULL,'HP Deskjet D2330','',3),('39164','Dell','GX240','3SQCP11','2002-01-01','college','Music','Part Time',NULL,'on','PA','215','Windows XP','00:06:5b:97:ee:a9',NULL,'HP Deskjet D2330','',3),('46188','Dell','Latitude D630','7CQQPD1','2006-01-01','college','Music','Stacey','Fraser','off','PA','217','Windows XP','00:1c:23:10:b2:be','00:1b:77:c4:e5:4d','HP Deskjet D4260','',13),('35945','Apple','PowerMac G4','XB10907EJ38','2000-01-01','college','Music','Music Society',NULL,'on','PA','219','Mac OSX 10.4.7',NULL,NULL,'','',9),('38310','Dell','GX240','9NHZG11','2002-01-01','college','Theatre Arts','Sara','Flis','on','PA','216','Windows XP','00:06:5b:a1:8e:9e',NULL,'HP Deskjet 3940','Mikrotek ScanMaker X12 USL',3),('38341','Dell','GX240','7LHZG11','2002-01-01','college','Theatre Arts',NULL,NULL,'on','PA','100','Windows XP','00:06:5b:a1:8b:97',NULL,'','HP Scanjet 4070 Photosmart Scanner and Canon LiDE 70 Scanner',3),('45148','Apple','iMac 20\"','QP70617AVUW','2007-01-01','dept','Theatre Arts',NULL,NULL,'on','PA','100','Mac OSX 10.4.11','00:17:f2:cd:3a:6c','00:19:e3:0e:a2:9e','HP Deskjet D2430','',2),('44209','Apple','iMac 20\"','W8607031U2P','2006-01-01','dept','Music',NULL,NULL,'on','PA','100','Mac OSX 10.4.11','00:16:cb:8c:27:96','00:16:cb:02:75:62','','',13),('44172','Epson','Stylus Photo R1800','GJXE061872','2006-01-01','dept','Music',NULL,NULL,'on','PA','100','',NULL,NULL,'','',13),('44160','Apple','iMac 20\"','QP6190BPV4Q','2006-01-01','college','Art','Suharu','Ogawa','on','VA','201','Mac OSX 10.4.11','00:16:cb:91:96:20','00:16:cb:b2:02:e9','HP Laserjet 6MP','',13),('40780','Apple','Mac Pro','YM420205RAG','2005-01-01','college','Art','VRC',NULL,'on','VA','201','Mac OSX 10.4.11','00:0d:93:c2:c7:fc',NULL,'','Epson Perfection 4990 Photo',19),('41352','Nikon','SF 210','200907','2006-01-01','dept','Art','VRC',NULL,'on','VA','201','',NULL,NULL,'','',13),('41351','Nikon','LS 5000 ED','212550','2005-01-01','dept','Art','VRC',NULL,'on','VA','201','',NULL,NULL,'','slide scanner',19),('44134','Apple','eMac','G85403M1SCH','2002-01-01','college','Art','VRC',NULL,'on','VA','201','Mac OSX 10.4.11','00:14:51:13:35:a8',NULL,'','',3),('47423','HP','Laserjet CP3505','CNBC82G0T0','2008-01-01','dept','Art','VRC',NULL,'on','VA','201','','00:1e:0b:07:d4:01',NULL,'','',8),('37492','HP','Laserjet 5000GN','JPC3018310','2005-01-01','dept','Art','VRC',NULL,'on','VA','201','','00:01:e6:53:e6:9f',NULL,'','',19),('48782','Epson','H295A','LSFF940674L','2008-01-01','dept','Art','VRC',NULL,'on','VA','201','',NULL,NULL,'','projector',8),('44810','Sharp','PG M10S','010416385','2006-01-01','dept','Art','VRC',NULL,'on','VA','201','',NULL,NULL,'','',13),('40598','Apple','iBook G4','UV4080PPPG','2004-01-01','dept','Art','VRC',NULL,'on','VA','201','Mac OSX 10.3.9','00:0d:93:68:08:7c',NULL,'','',4),('44166','Apple','MacBook Pro 15\"','W862027AVWY','2008-01-01','dept','Art','VRC',NULL,'on','VA','201','Mac OSX 10.4.11','00:16:cb:ca:55:05','00:16:cb:ba:ec:5d','','',8),('44135','Apple','eMac','G85403P6SCH','2004-01-01','dept','Art','VRC',NULL,'on','VA','201','Mac OSX 10.4.11','00:14:51:13:2f:f2',NULL,'','',4),('44128','Apple','eMac','G85403LHSCH','2004-01-01','dept','Art','VRC',NULL,'on','VA','201','Mac OSX 10.4.11','00:14:51:13:30:b8',NULL,'','',4),('44129','Apple','eMac','G85403MESCH','2004-01-01','dept','Art','VRC',NULL,'on','VA','201','Mac OSX 10.4.11','00:14:51:13:31:4e',NULL,'','',4),('40606','Apple','eMac','G84103CJPP1','2004-01-01','dept','Art','VRC',NULL,'on','VA','201','Mac OSX 10.4.11','00:0a:95:d1:11:4a',NULL,'','',4),('44131','Apple','eMac','G85403PESCH','2004-01-01','dept','Art','VRC',NULL,'on','VA','201','Mac OSX 10.4.11','00:14:51:13:33:1e',NULL,'','',4),('30989','Hartford 2000','AF 3','Unknown','2004-01-01','dept','Art','VRC',NULL,'on','VA','201','',NULL,NULL,'','air cleaner',4),('35115','Apple','PowerMac G4','XB0390DRJNX','2002-01-01','dept','Art','VRC',NULL,'on','VA','201','Mac OSX 10.3.9','00:30:65:af:da:54',NULL,'','',3),('35116','Apple','PowerMac G4','XB0390DJJNX','2002-01-01','dept','Art','VRC',NULL,'on','VA','201','Mac OSX 10.3.9','00:30:65:a8:c4:92',NULL,'','',3),('33551','Panasonic','WE MV180A','95Z00129','2000-01-01','dept','Art','VRC',NULL,'on','VA','201','',NULL,NULL,'','video imager',9),('34779','Panasonic','WE MV180A','99ZZ0265','2000-01-01','dept','Art','VRC',NULL,'on','VA','201','',NULL,NULL,'','video imager',9),('18764','Polaroid','Spectra System','Unknown','1990-01-01','dept','Art','VRC',NULL,'on','VA','201','',NULL,NULL,'','',40),('14655','Nikon','FM 3022786','Unknown','2000-01-01','dept','Art','VRC',NULL,'on','VA','201','',NULL,NULL,'','camera',9),('29126','Panasonic','AG 520C','17AA20089','2000-01-01','dept','Art','VRC',NULL,'on','VA','201','',NULL,NULL,'','TV VHS',9),('30529','Sharp','XG NV3XU','804312361','2000-01-01','dept','Art','VRC',NULL,'on','VA','201','',NULL,NULL,'','projector',9),('34828','Panasonic','WE MV180A','96Z00189','2000-01-01','dept','Art','VRC',NULL,'on','VA','201','',NULL,NULL,'','video imager',9),('30480','Hammer','SLPRO4','SPE05 1371G8','1997-01-01','dept','Art','VRC',NULL,'on','VA','201','',NULL,NULL,'','raid storage ',12),('29127','Buyers Industries Inc','FO1 21450','97 06 0209','2000-01-01','dept','Art','VRC',NULL,'on','VA','201','',NULL,NULL,'','ChromaPro 45',9),('29116','HP','Laserjet 6MP','USBB084589','2002-01-01','dept','Art','VRC',NULL,'on','VA','201','',NULL,NULL,'','',3),('44401','Apple','MacBook Pro','W86211RDVWY','2006-06-18','dept','Philosophy','Jill','Buroker','off','UH','340','Mac OSX 10.5','00:16:cb:86:ea:81',NULL,'','',44),('47702','Dell','Latitude D630','4HFKFG1','2008-06-01','dept','Music','Andrew','Crane','off','PA','207','Windows XP','00:1c:23:54:2c:bd',NULL,'','',5),('45269','Dell','Latitude D620','JK95KC1','2008-06-01','dept','RAFFMA','John','Fleeman','off','VA','103','Windows XP','00:18:8b:b5:eb:28','00:19:d2:6b:2f:5f','','',5),('38305','Dell','GX240','6phzg11','2002-01-01','college','Theatre Arts','Harlan','Jeglin','on','PA','143','Windows XP','00:06:5b:a1:8e:34',NULL,'HP Deskjet D2360','Scene Shop',3),('49515','Apple','MacBook Pro','W891255Q71A','2010-02-11','dept','Music','Randy','Hodges','on','PA','122','Mac OSX 10.5.8','00:25:00:d0:08:e2','00:23:6c:99:eb:59','HP LaserJet 1200 series','',45),('39160','Dell','GX240','1RQCP11','2002-01-01','college','Music','Jon','Usher','on','PA','203','Windows 2000 Pro','00:06:5b:97:f0:48',NULL,'HP DeskJet 648C','',3),('45805','Dell','GX620','7BT3T91','2007-01-01','college','Music','Jeffrey','Boeckman','on','PA','209','Windows XP','00:13:72:77:a6:5a',NULL,'HP DeskJet D2360','',2),('49601','Dell','Inspiron mini 10','CCLQ4L1','2010-02-05','dept','Theatre Arts','Terry','Smith','on','PA','117','Windows XP','00:26:b9:a4:b8:5d','c4:17:fe:ba:c2:9d','','',46),('49602','Apple','iMac','W8008HQA5PC','2010-02-15','college','Theatre Arts','Kathy','Ervin','on','PA','107','Mac OSX 10.6','d4:9a:20:f5:57:3c','7c:6d:62:75:84:dd','HP DeskJet 2660','',47),('46410','Apple','MacBook Pro','w80093cx7xj','2010-02-15','college','Philosophy','Christ','Naticchia','off','UH','401.26','Mac OSX 10.6','34:15:9e:12:e5:e0','f8:1e:df:e3:be:b2','','',47),('46411','Apple','iMac','W8008GF15PC','2010-02-15','college','Art','VRC',NULL,'on','VA','201','Mac OSX 10.6','d4:9a:20:f7:47:a4','7c:6d:62:75:79:81','','',47),('46412','Apple','iMac','w8008ht15pc','2010-02-15','college','Philosophy','Jill','Buroker','on','UH','339','Mac OSX 10.6','d4:9a:20:f7:37:f2','7c:6d:62:75:90:a2','','',47),('46413','Apple','iMac','W8008HSY5PC','2010-02-15','college','Art','VRC',NULL,'on','VA','201','Mac OSX 10.6','d4:9a:20:fc:9b:32','7c:6d:62:75:84:d4','','',47),('46414','Apple','iMac','w8008hqc5pc','2010-02-15','college','Art','VRC',NULL,'on','VA','201','Mac OSX 10.6','d4:9a:20:f7:58:96','7c:6d:62:75:90:de','','',47),('46415','Apple','iMac','W8008HQ65PC','2010-02-15','college','Art','VRC',NULL,'on','VA','201','Mac OSX 10.6','34:15:9e:04:7b:84','7c:6d:62:75:84:dc','','',47),('46416','Apple','iMac','w8008gg85pc','2010-02-15','college','Art','VRC',NULL,'on','VA','201','Mac OSX 10.6','d4:9a:20:f7:4c:9e','7c:6d:62:75:92:85','','',47),('48949','Apple','MacBook Pro','W89363GV642','2010-03-18','college','World Languages','Terri','Nelson','off','UH','314','Mac OSX 10.6','00:26:b0:df:5d:b0','00:26:bb:08:89:f2','HP DeskJet 3845','',48),('49948','Epson','Powerlite 1716','M99F9X1000L','2010-05-03','dept','Theatre Arts','Johanna','Smith','on','PA','104','',NULL,NULL,'','',49),('49749','Dell','Inspiron 11z','JBG10M1','2010-05-03','dept','Theatre Arts','Johanna','Smith','on','PA','104','Windows 7 Home Premium',NULL,NULL,'','Purchased with CUP grant',49),('49603','Apple','iMac','W8015MUY5PC','2010-05-06','college','Art','VRC',NULL,'on','VA','201','Mac OSX 10.6','34:15:9e:2a:8e:90','d8:30:62:4b:ed:da','','twentyone and one half inch screen',50),('48961','Sony','Vaio PCG71312L','275237363047737','2010-05-26','dept','English','Rong','Chen','off','UH','334','Windows 7 Home Premium','54:42:49:01:d9:34','78:dd:08:cc:56:90','','Gone to China with Rong',51),('48963','Apple','MacBook','W80240LRF5X','2010-06-07','dept','Music','Todd','Johnson','on','PA','111','Mac OSX 10.6','e8:06:88:df:1b:e2','90:27:e4:fd:09:b9','','',52),('48964','Dell','Latitude E6510','B6R6RM1','2010-06-11','dept','RAFFMA','John','Fleeman','on','VA','103','Windows 7','00:26:b9:dd:dc:ae','00:23:14:99:19:c4','','',53),('46367','Apple','MacBook Pro 15\"','W87381P8X92','2007-09-27','college','Art','Beth','Steffel','off','VA','203','Mac OSX 10.5',NULL,NULL,'','',54),('46359','Apple','MacBook Pro 15\"','W87341C6X92','2007-09-27','college','Art','Katherine','Gray','off','VA','206','Mac OSX 10.4',NULL,NULL,'','',54),('46357','Apple','MacBook Pro 17\"','W873702UX94','2007-09-27','college','Art','Jiong','Li','off','VA','218','Mac OSX 10.4',NULL,NULL,'','',54),('48971','Apple','MacBook','W80330KHGST','2010-09-07','dept','Music','Allen','Menton','off','PA','213','Mac OSX 10.6','78:ca:39:0b:0d:66','60:33:4b:24:e6:8f','','',55),('49604','Apple','MacBook Pro','C02DF1XRDC7C','2010-09-23','college','Art','Kurt','Collins','off','VA','207','Mac OSX 10.6','c4:2c:03:39:4b:d9','c8:bc:c8:d0:6b:17','','',56),('44578','Apple','MacBook Pro 15\"','W86350RGVWZ','2007-09-03','college','Art','Brad','Spence','off','VA','219','Mac OSX 10.5','00:16:cb:9c:a2:1d','00:17:f2:4c:77:b1','','',57),('50331','Dell','LATITUDE E6510','73CF0P1','2010-12-01','dept','World Languages','Rafael ','Correa','off','UH','201.39','Windows 7','5c:26:0a:1f:10:ce','1c:65:9d:99:4d:17','','',58),('50170','Dell','Optiplex 980','BCEMNN1','2010-11-01','dept','World Languages','Cynthia','Moss','on','UH','314','Windows 7','84:2b:2b:b1:9f:a2',NULL,'','',59),('48972','Dell','Latitude 110l','6f7bj91','2007-01-01','dept','CAL','Salaam','Yousif','off','UH','237','Windows XP','00:14:22:cd:da:e8','00:16:6f:46:b7:56','','',2),('48973','Lenovo','Lenovo','cbu3521247','2011-01-27','dept','CAL','Martha','Diaz Granados','off','UH','237','Windows 7','f0:7b:cb:f7:dc:61','00:26:83:bb:bb:d8','','',60),('50589','Dell','Latitude E4310','9N7G1Q1','2011-04-27','dept','RAFFMA','Eva','Kirsch','off','VA','105A','Windows 7','5c:26:0a:4f:80:a7','68:a3:c4:70:69:65','','',61),('50592','HP','ProBook 6560b','50592','2011-05-04','dept','RAFFMA','Rita','Schneider','on','VA','105','Windows 7','98:4b:e1:ed:0e:4b','ac:81:12:6e:8d:18','','',62),('50276','Apple','MacBook Pro 17\"','C02FR0K1DF92','2011-06-01','dept','Art','Brad','Spence','off','VA','219','Mac OSX 10.6',NULL,NULL,'','',63),('50277','Apple','MacBook Pro 13\"','C02FR1CEDH2M','2011-06-01','dept','Art','Alison','Petty','off','VA','210','Mac OSX 10.6','c8:2a:14:41:50:89','e4:ce:8f:25:22:do','','',63),('50631','HP','Z210','2UA1210K5H','2011-05-22','dept','RAFFMA','Candace','Parks','on','VA','105','Windows 7','2c:27:d7:1c:8a:5d',NULL,'','',64),('50630','HP','Z210','2UA1210K5J','2011-05-22','dept','RAFFMA','Eva','Kirsch','on','VA','105A','Windows 7','2c:27:d1:1c:8a:6b',NULL,'','',64),('50827','HP','ProBook 6460b','cnu1234754','2011-06-17','dept','Liberal Studies','Katherine','Thomerson','off','CE','114E','Windows 7','64:31:50:98:50:32','ac:81:12:6f:0b:35','','',65),('50833','HP','Z210','2ua1240wvg','2011-06-22','dept','RAFFMA','Yvette','Menacho','on','VA','105','Windows 7','2c:27:d7:1c:97:11',NULL,'','',66),('51420','Apple','iMac','c02fjb3xdf8v','2011-08-08','dept','Communications','Ece','Algan','off','UH','201.15','Mac OSX 10.6.7',NULL,'e4:ce:8f:05:6c:62','','',67),('51421','Apple','MacBook Pro','c02fxmqjdh2g','2011-08-08','dept','Philosophy','Tom','Moody','off','UH','401.45','Mac OSX 10.6.7','c8:2a:14:4c:d4:e9','e4:ce:8f:3a:0a:0c','','',67),('51422','Apple','MacBook Pro','c02fk2rmdh2h','2011-08-08','dept','Philosophy','Tony','Roy','off','UH','401.43','Mac OSX 10.6.7','10:9a:dd:63:74:bd','e4:ce:8f:3a:56:1c','','',67),('51423','Apple','MacBook Pro','c02fxmjndh2g','2011-08-08','dept','Communications','Rueyling ','Chuang','off','UH','201.09','Mac OSX 10.6.7','10:9a:dd:6b:30:e4','e4:ce:8f:0b:ba:bc','','',67),('51424','Apple','MacBook Pro','c02fxmrqdh2g','2011-08-08','dept','Philosophy','Susan','Finsen','off','UH','401.27','Mac OSX 10.6.7','c8:2a:14:4c:a4:c0','e4:ce:8f:39:d1:82','','',67),('51425','Apple','iMac','451263CHF5X','2011-07-11','dept','World Languages','Alysha','Timmons','off','UH','007','Mac OSX 10.6.4','70:cd:60:87:6e:3c','e4:ce:8f:76:98:d5','','',68),('51287','HP','Z210 CMT Workstation','2UA12606KS','2011-07-30','dept','Philosophy','Bervely','Gallo','on','UH','?','Windows 7','2c:27:d7:3b:4f:91',NULL,'','',69),('51349','HP','ProBook 6560b','4cz1252fhg','2011-08-08','dept','World Languages','Araib','Mango','off','UH','401.43','Windows 7','9c:8e:99:3d:f0:d3','ac:81:12:83:20:83','','',67),('50804','HP','Z210','2ua1211x9s','2011-09-14','dept','Communications','Mihaela','Popescu','on','UH','201.12','','2c:27:d7:1c:9c:a7',NULL,'','',70),('51426','Apple','iPad','DLXFKJDEDFHY','2011-09-15','dept','Music','Erik ','Jester','off','PA','209','Mac',NULL,NULL,'','',71),('51427','Apple','iMac','CO2FX19EDHJF','2011-09-15','dept','Music','Erik','Jester','on','PA','209','Mac OSX 10.6.8','e4:ce:8f:5d:be:9a','44:2a:60:e6:57:5b','','',71),('50806','HP','Z210','2ua1211x9a','2011-09-16','dept','Communications','Brian','Heisterkamp','on','UH','201.13','Windows 7 64bit','2c:27:d7:1c:9e:38',NULL,'','',72),('51428','Apple','iMac','c17fp1n5dhjf','2011-09-19','dept','Communications','Astrid','Sheil','on','UH','201.20','Mac OS ','c8:2a:14:33:53:e9','e4:ce:8f:59:79:59','','',73),('51429','Apple','MacBook Pro','c02fxmu5dh2g','2011-09-20','dept','Philosophy','Matthew','Davidson','off','VA','228','Mac OSX 10.6.7','e4:ce:8f:3a:03:20','e4:ce:8f:3a:03:21','','',74),('51430','Apple','MacBook Pro','c02fx3v1df91','2011-09-20','dept','Art','Annie','Buckley','off','VA','213','Mac OSX 10.6.7','c8:2a:14:43:3l:ef','e4:ce:8f:39:51:fc','','',74),('50801','HP','Z210 CMT Workstation','2ua1211x9q','2011-09-22','dept','Music','Kosta','Popovic','on','PA','207','Windows 7','2c:27:d7:1c:9e:be',NULL,'','',75),('51394','Apple','MacBook Pro 15\"','W89130VC8Q1','2009-04-17','college','Art','Sant','Khalsa','on','VA','105','Mac OSX 10.6','00:25:00:d0:05:ba','00:23:6c:99:d4:ea','','',36),('51395','Epson','EX5200 Projector','NEGF160227L','2011-09-01','college','Art','Annie','Buckley','on','VA','213','',NULL,NULL,'','',76),('51348','HP','MacBook Pro','4cz1252fhk','2011-09-05','dept','World Languages','Ali','Miremadi','off','UH','201.40','Windows 7','9c:8e:99:3e:d1:ef','ac:81:12:83:18:9e','','',77),('51396','Samsung','SF411','hggv93ub700021z','2011-10-18','college','English','Rong ','Chen','off','UH','334','Windows 7 64bit','e8:11:32:6b:9a:cc','8c:a9:82:94:d7:e2','','',78),('51397','Apple','iMac','d25gk05qdhjt','2011-10-24','college','Communications','Coyote Chronicle',NULL,'on','UH','037','Mac OS','3c:07:54:2e:07:69','e4:ce:8f:65:58:d7','','',79),('51398','Apple','MacBook Pro 15\"','C02FJ3DYDF8X','2011-10-21','college','Communications','Brad','Owen','off','UH','201.21','Mac OSX 10.6.8','70:cd:60:f2:4b:d6','e0:f8:47:32:17:d2','','',80),('45967','Dell','Optiplex 745','10009381681','2007-01-01','college','World Languages',NULL,NULL,'on','UH','007','Windows XP','00:19:b9:2e:03:33',NULL,'','',2),('51399','Apple','iMac','d25fp03vdhjp','2011-11-01','college','CAL','Eri','Yasuhara','on','UH','219','Mac OSX 10.6.8','10:9a:dd:9e:65:0a','c8:2a:14:21:74:0b','','',81),('51786','HP','ProBook 4530S','CNU2061QW3','2012-02-14','dept','English','Brenda','Glascott','off','UH','301.39','Windows 7','2c:41:38:0e:e9:36','88:53:2e:ab:12:6a','','',82),('51785','HP','ProBook 4530S','CNU2061QQ5','2012-02-14','dept','English',NULL,NULL,'on','UH','054','Windows 7 32bit','10:1f:74:ff:59:c2','88:53:2e:ab:46:40','','',82),('51684','HP','ProBook 4530S','CNU2061Q86','2012-02-14','dept','English',NULL,NULL,'on','UH','055','Windows 7 32bit','10:1f:74:ff:89:fb','88:53:2e:ab:02:7f','','',82),('49605','Dell','Inspiron 15','13613734477','2012-02-21','college','RAFFMA','Stephanie','MacLean','on','VA','103','Windows 7','24:b6:fd:13:91:9c','e4:d5:3d:f2:48:c3','','',83),('49606','Apple','MacBook Pro 15\"','534048450690561','2012-03-16','dept','English','Brenda','Glascott','off','UH','301.39','Mac OSX','c8:2a:14:4a:bc:0f','e4:ce:8f:24:9b:3e','','',84),('49607','Apple','iMac','C17FKHPWDHJF','2011-08-01','college','World Languages','Lab',NULL,'on','UH','009','Mac OSX','c8:2a:14:25:09:45','10:9a:dd:a6:82:40','','World Language Lab',85),('49608','Apple','iMac','C17FKHYRDHJF','2011-08-01','college','World Languages','Lab',NULL,'on','UH','009','Mac OSX','c8:2a:14:24:91:f4','10:9a:dd:a6:94:67','','World Language Lab',85),('52057','Apple','iMac','C17FKDETDHJF','2011-08-01','college','World Languages','Lab',NULL,'on','UH','009','Mac OSX','c8:2a:14:24:5e:2e','e4:ce:8f:50:a4:4d','','World Language Lab',85),('52058','Apple','iMac','C17FM0GNDHJF','2011-08-01','college','World Languages','Lab',NULL,'on','UH','009','Mac OSX','c8:2a:14:2a:9b:4b','e4:ce:8f:55:5d:10','','World Language Lab',85),('52059','Apple','iMac','C17FKJ9GDHJF','2011-08-01','college','World Languages','Lab',NULL,'on','UH','009','Mac OSX','c8:2a:14:29:01:36','10:9a:dd:a6:94:6b','','World Language Lab',85),('52060','Apple','iMac','C02FL2UZDHJF','2011-08-01','college','World Languages','Lab',NULL,'on','UH','009','Mac OSX','c8:2a:14:29:01:36','e4:ce:8f:54:10:eb','','World Language Lab',85),('52061','Apple','iMac','C17FN1X0DHJF','2011-08-01','college','World Languages','Lab',NULL,'on','UH','009','Mac OSX','c8:2a:14:32:b1:4f','e4:ce:8f:57:3e:06','','World Language Lab',85),('52062','Apple','iMac','C17FKL75DHJF','2011-08-01','college','World Languages','Lab',NULL,'on','UH','009','Mac OSX','c8:2a:14:23:f1:b1','e4:ce:8f:53:d1:8c','','World Language Lab',85),('52064','Apple','MacBook Pro 17\"','C02H412NDV10','2012-02-20','college','CAL','Ken','Han','on','UH','047A','Mac OSX 10.7','3c:07:54:75:b0:26','68:a8:6d:52:f7:50','','',86),('51959','Dell','Optiplex 990','J5QGMS1','2012-04-16','dept','Art',NULL,NULL,'on','VA','231','Windows 7 Pro','d4:be:d9:9b:9d:b0',NULL,'','',87),('51961','Dell','Optiplex 990','9XF3NS1','2012-04-16','college','Liberal Studies','PALS',NULL,'on','CE','114','Windows 7 Pro','d4:be:d9:9e:9d:83',NULL,'','',87),('51962','Dell','Optiplex 990','9XF6NS1','2012-04-16','college','Liberal Studies','PALS',NULL,'on','CE','114','Windows 7 Pro','d4:be:d9:9e:9a:cd',NULL,'','',87),('51963','Dell','Optiplex 990','9XF4NS1','2012-04-16','college','World Languages','FLAGS',NULL,'on','UH','007A','Windows 7 Pro','d4:be:d9:9e:99:c8',NULL,'','',87),('51964','Dell','Optiplex 990','9XF5NS1','2012-04-16','college','English',NULL,NULL,'on','UH','301.49','Windows 7 Pro','d4:be:d9:9e:bb:bf',NULL,'','',87),('52065','Dell','Optiplex 990','CSQ4NS1','2012-04-19','dept','Theatre Arts','Harlan','Jeglin','on','PA','144A','Windows 7','d4:be:d9:9e:85:25',NULL,'','',89),('52066','Apple','iPad 32GB','DMPHJLPDDVD2','2012-05-01','college','CAL',NULL,NULL,'on','UH','237','',NULL,NULL,'','',90),('52067','Apple','iPad 32GB','DMPHJKSFDVD2','2012-05-01','college','CAL',NULL,NULL,'on','UH','237','',NULL,NULL,'','',90),('52068','Apple','MacBook Pro 15\"','C02HGDD7DV7L','2012-06-05','college','Music','Robert','Knop','on','PA','211','Mac OSX 10.7.3','40:6c:8f:1a:a1:c1','10:40:f3:af:94:aa','','AppleCare Support Number 804049360258752',91),('41088','Dell','Optiplex GX260','FD7KZ21','2003-01-01','college','Theatre Arts','Harlan','Jeglin','on','PA','144A','CentOS 5.8','00:0b:db:6b:74:f5',NULL,'','DHCP for Microphone system',20),('52069','Apple','iMac 21\"','C17FKHWNDHJF','2011-09-01','dept','English','Chad','Sweeney','on','UH','301.19','Mac OSX 10.7','c8:2a:14:25:09:25','10:9a:dd:a6:af:80','','',76),('51400','Apple','MacBook Pro 15\"','C02HP253DV35','2012-06-09','college','Communications','Ahlam','Muhtaseb','off','UH','201.23','Mac OSX 10.7','40:6C:8F:31:56:88','7C:D1:C3:6E:38:48','','',93),('52433','Dell','Optiplex 990','8CD15V1','2012-06-26','college','Music','Bradley','Hampton','on','PA','119','Windows 7 Pro 64bit','5C:F9:DD:74:87:7F',NULL,'','',94),('52432','Dell','Optiplex 990','8CD05V1','2012-06-16','college','Music','Jon','Usher','on','PA','203','Windows 7 Pro 64bit','5C:F9:DD:74:84:37',NULL,'','',95),('52431','Dell','Optiplex 990','8CD45V1','2012-06-16','college','English','Renee','Pigeon','on','UH','301.23','Windows 7 Pro 64bit','5C:F9:DD:74:5B:B0',NULL,'','',95),('51406','Apple','MacBook Pro 15\"','C02HX14CF1G3','2012-06-09','college','CAL','Rigo','Solorio','on','UH','047','Mac OSX','40:6C:8F:49:7E:32','7C:D1:C3:85:DF:14','','',93),('52430','Dell','Optiplex 990','8CCZ4V1','2012-06-16','college','CAL',NULL,NULL,'on','UH','047B','Windows 7 Pro 64bit','5C:F9:DD:74:86:81',NULL,'','',95),('52426','Dell','Optiplex 990','JB6V4V1','2012-06-16','college','RAFFMA','Paige','Taylor','on','VA','105','Windows 7 Pro 64bit','5C:F9:DD:73:6B:61',NULL,'','',95),('51401','Apple','MacBook Pro 15\"','C02HX3UADV33','2012-06-09','college','English','Julie','Paegle','off','UH','301.42','Mac OSX 10.7','40:6C:8F:4E:6D:39','7C:D1:C3:86:6D:72','','i7 23GHz 4GB 500HDD',93),('51402','Apple','MacBook Pro 15\"','C02HL7XQDV33','2012-06-09','college','English','Holly','Henry','off','UH','301.42','Mac OSX 10.7','40:6C:8F:23:D6:C2','10:40:F3:EE:BB:94','','i7 23GHz 4GB 500 HDD',93),('51404','Apple','MacBook Pro 15\"','C02HX0VWF1G4','2012-06-09','college','Art','George','McGinnis','off','VA','209','Mac OSX 10.7','40:6C:8F:4E:83:65','7C:D1:C3:88:A4:76','','i7 26GHz 8GB CTO',93),('51405','Apple','MacBook Pro 15\"','C02HP25KDV35','2012-06-09','college','Theatre Arts','Andre','Harrington','off','PA','121','Mac OSX 10.7','40:6C:8F:33:5E:07','7C:D1:C3:6E:5E:5E','','i7 26GHz 8GB 750HDD',93),('52045','Apple','MacBook Pro 15\"','C02HL7WUDV33','2012-06-09','college','CAL','Jennifer','Anderson','off','UH','216','Mac OSX 10.7','40:6C:8F:26:46:4E','10:40:F3:EE:C2:7C','','i7 23GHz 4GB 500HDD',93),('52046','Apple','MacBook Pro 15\"','C02HX06VF1G4','2012-06-09','college','Art','Thomas','McGovern','off','VA','211','Mac OSX 10.7','40:6C:8F:4E:C2:53','7C:D1:C3:86:6C:DC','','i7 26GHz 8GB CTO',93),('52047','Apple','MacBook Pro 17\"','C02HN0R8DV11','2012-06-09','college','Communications','Michael','Salvador','off','UH','017','Mac OSX 10.7','40:6C:8F:22:B9:7C','10:40:F3:AC:1B:B8','','i7 24GHz 4GB 750HDD',93),('52048','Apple','MacBook Pro 15\"','C02HX0Z6F1G4','2012-06-09','college','Art','Sant','Khalsa','off','VA','105B','Mac OSX 10.7','40:6C:8F:4E:82:EF','7C:D1:C3:87:FE:62','','i7 26GHz 8GB CTO',93),('52049','Apple','MacBook Pro 13\"','C1MHWPPMDTY3','2012-06-09','college','Art','Heather','Lowe','off','VA','201D','Mac OSX 10.7','40:6C:8F:49:BD:53','7C:D1:C3:80:BA:E8','','i7 25GHz 4GB 500HDD',93),('52051','Apple','MacBook Pro 15\"','C02HR5GLDV35','2012-06-09','college','World Languages','Alysha','Timmons','on','UH','007','Mac OSX 10.7','40:6C:8F:3B:5A:2D','7C:D1:C3:72:24:9E','','i7 26GHz 8GB 750HDD',93),('52053','Apple','MacBook Pro 15\"','C02J26HBDV35','2012-06-09','college','Philosophy','Chris ','Naticchia','off','UH','401.26','Mac OSX 10.7','40:6C:8F:53:5A:C2','7C:D1:C3:98:0E:BA','','i7 26GHz 8GB 750HDD',93),('52055','Apple','iMac 21\"','C02HG22JDHJF','2012-06-09','college','Music','James ','Radomski','on','PA','108','Mac OSX 10.7','40:6C:8F:19:D7:C5','7C:C3:A1:AB:60:16','','i5 25GHz 4GB 500HDD',93),('52056','Apple','iMac','C02HG24UDHJF','2012-06-09','college','Music','Reyes','Diana','on','PA','145','Mac OSX 10.7','40:6C:8F:16:48:80','7C:C3:A1:AB:60:11','','21 Inch 25GHz 4GB 500HDD',93),('51403','Apple','MacBook Pro 15\"','C02HL7XZDV33','2012-06-09','college','Music','Choeun','Lee','off','PA','214','Mac OSX 10.7','40:6C:8F:26:74:5E','10:40:F3:EE:D8:DE','','',93),('52050','Apple','MacBook Pro 15\"','C02HR4H1DV35','2012-06-09','college','Theatre Arts','Harlan','Jeglin','off','PA','142A','Mac OSX 10.7','40:6C:8F:3C:47:CD','7C:D1:C3:6E:4E:A6','','',93),('52031','Apple','iPad 16GB','DYTHNAREDJ8T','2012-08-21','college','CAL',NULL,NULL,'on','UH','237','iOS 5',NULL,'64:20:0C:67:E3:79','','',96),('52032','Apple','iPad 16GB','DMPHPKQ4DJ8T','2012-08-21','college','CAL','Ken','Han','off','UH','047A','iOS 5',NULL,'64:20:0C:54:56:3E','','',96),('62033','Apple','iMac 21\"','C02HK1QRDHJN','2012-06-09','college','English','Wendy','Smith','on','UH','301.03','Mac OSX 10.7','40:6C:8F:27:49:44','7C:C3:A1:AE:CA:11','','',93),('32034','Apple','iMac 21\"','D25HX0X3DHJT','2012-06-09','college','Art','Heather','Lowe','on','PA','201D','Mac OSX 10.7','40:6C:8F:32:7E:47','7C:C3:A1:B1:DF:33','','',93),('52429','Dell','Optiplex 990','8CCY4V1','2012-06-16','college','World Languages','Alysha','Timmons','on','UH','007','Windows 7 Pro','5C:F9:DD:74:83:87',NULL,'','',95),('32035','Apple','iMac 27\"','D25HX0WVDHJW','2012-06-09','college','Art',NULL,NULL,'on','VA','112','Mac OSX 10.7','40:6C:8F:27:F9:50','7C:C3:A1:B1:C6:FE','','',93),('32036','Apple','iMac 21\"','C02HK1QXDHJN','2012-06-09','college','English',NULL,NULL,'on','UH','053','Mac OSX 10.7','3C:07:54:44:FF:D9','7C:C3:A1:AE:C9:60','','',93),('52037','Apple','iMac 21\"','C02HK0ZFDHJN','2012-06-09','college','English',NULL,NULL,'on','UH','053','Mac OSX 10.7','40:6C:8F:20:A3:6F','7C:C3:A1:AE:BA:2E','','',93),('52038','Apple','iMac 21\"','C02HK1SYDHJN','2012-06-09','college','English',NULL,NULL,'on','UH','053','Mac OSX 10.7','40:6C:8F:27:4A:C1','7C:C3:A1:AE:CA:0B','','',93),('42039','Apple','MacBook Pro 15\"','C02HRAC0DV33','2012-06-09','dept','Philosophy','John','Mumma','on','UH','401.46','Mac OSX 10.7','40:6c:8f:40:45:f2','7c:d1:c3:6d:f5:cc','','',93),('48980','Apple','iMac 27\"','C02GY2X1DHJQ','2012-12-04','dept','Art','Richard ','Johnston','on','VA','205','Mac OSX 10.7','3c:07:54:66:09:28','c0:2g:y2:x1:dh:jq','','',98),('52882','Apple','Mac Mini','C07HX0HFDJD3','2012-07-28','college','Communications',NULL,NULL,'on','UH','043','Mac OSX 10.7','40:6c:8f:48:69:8b','80:49:71:15:86:77','','final cut pro and cs6',99),('52883','Apple','Mac Mini','C07HX0H1DJD3','2012-07-28','college','Communications',NULL,NULL,'on','UH','043','Mac OSX 10.7','40:6c:8f:48:67:57','80:49:71:16:94:01','','final cut pro and cs6',99),('52884','Apple','Mac Mini','C07HX0GYDJD3','2012-07-28','college','Communications',NULL,NULL,'on','UH','043','Mac OSX 10.7','40:6c:8f:48:73:77','80:49:71:16:94:4f','','final cut pro and cs6',99),('52885','Apple','Mac Mini','C07HX0HADJD3','2012-07-28','college','Communications',NULL,NULL,'on','UH','043','Mac OSX 10.7','40:6c:8f:48:73:01','80:49:71:16:93:fd','','final cut pro and cs6',99),('52886','Apple','Mac Mini','C07HX0HKDJD3','2012-07-28','college','Communications',NULL,NULL,'on','UH','043','Mac OSX 10.7','40:6c:8f:48:6b:06','80:49:71:15:81:17','','final cut pro and cs6',99),('52887','Apple','Mac Mini','C07HX0DPDJD3','2012-07-28','college','Communications',NULL,NULL,'on','UH','043','Mac OSX 10.7','40:6c:8f:48:74:7c','80:49:71:15:c3:19','','final cut pro and cs6',99),('52888','Apple','Mac Mini','C07HX0HHDJD3','2012-07-28','college','Communications',NULL,NULL,'on','UH','043','Mac OSX 10.7','40:6c:8f:48:68:a4','80:49:71:15:84:7b','','final cut pro and cs6',99),('52889','Apple','Mac Mini','C07HX0HLDJD3','2012-07-28','college','Communications',NULL,NULL,'on','UH','043','Mac OSX 10.7','40:6c:8f:48:6a:11','80:49:71:15:84:77','','final cut pro and cs6',99),('52890','Apple','Mac Mini','C07HX0FQDJD3','2012-07-28','college','Communications',NULL,NULL,'on','UH','043','Mac OSX 10.7','40:6c:8f:48:76:12','80:49:71:15:c8:a9','','final cut pro and cs6',99),('52891','Apple','Mac Mini','C07HX0HJDJD3','2012-07-28','college','Communications',NULL,NULL,'on','UH','043','Mac OSX 10.7','40:6c:8f:48:69:76','80:49:71:15:ad:c9','','final cut pro and cs6',99),('52892','Apple','Mac Mini','C07HX0HRDJD3','2012-07-28','college','Communications',NULL,NULL,'on','UH','043','Mac OSX 10.7','40:6c:8f:48:65:c9','80:49:71:15:86:57','','final cut pro and cs6',99),('52893','Apple','Mac Mini','C07HX0H0DJD3','2012-07-28','college','Communications',NULL,NULL,'on','UH','043','Mac OSX 10.7','40:6c:8f:48:69:14','80:49:71:16:94:33','','final cut pro and cs6',99),('52894','Apple','Mac Mini','C07HX0HNDJD3','2012-07-28','college','Communications',NULL,NULL,'on','UH','043','Mac OSX 10.7','40:6c:8f:48:75:a3','80:49:71:15:86:2f','','final cut pro and cs6',99),('52895','Apple','Mac Mini','C07HX0FFDJD3','2012-07-28','college','Communications',NULL,NULL,'on','UH','043','Mac OSX 10.7','40:6c:8f:48:c2:d6','80:49:71:15:b0:63','','final cut pro and cs6',99),('48982','Apple','iPad 16GB','DMPHQKL7DJ8T','2012-08-01','college','CAL','Ericka','Quinonez','on','UH','201.28','iOS',NULL,'64:20:0c:8b:5e:5d','','',100),('48983','Apple','iPad 16GB','DYTJ621GDJ8T','2012-08-01','college','CAL','Jenifer','Andersen','on','UH','301.36','iOS',NULL,'b0:65:bd:e0:38:58','','',100),('48981','Apple','iPad 16GB','DMPHQLHXDJ8T','2012-08-01','college','CAL','Richard','Jarvis','on','UH','201.27','',NULL,NULL,'','',100),('48984','Apple','iPad 16GB','DMPHWJMUDJ8T','2012-08-01','college','English','Andrew','Castillo','on','UH','334','iOS',NULL,'b0:65:bd:2d:20:52','','',100),('52876','Apple','iPad 16GB','DMRHV2E4DJ8T','2012-08-01','college','Art','Yvette','Menacho','on','VA','105','iOS',NULL,'b0:65:bd:12:eb:fb','','',100),('52877','Apple','iPad 16GB','DMPHWQDDJ8T','2012-08-01','college','Communications','Linda','Sand','on','UH','018','iOS',NULL,'b0:65:bd:18:da:d7','','',100),('52879','Apple','iPad 16GB','DMRHV7AADJ8T','2012-08-01','college','Music','Lisa','DeMarco','on','PA','111','iOS',NULL,'b0:65:bd:29:3a:fe','','',100),('52880','Apple','iPad 16GB','DMPHVYH9DJ8T','2012-08-01','college','Theatre Arts','Crystal','Escalrea','on','PA','111','iOS',NULL,'b0:65:bd:16:bf:1f','','',100),('52881','Apple','iPad 16GB','DMPHWJSXDJ8T','2012-08-01','college','World Languages','Cynthia','Moss','on','UH','314','iOS',NULL,'b0:65:bd:27:94:1a','','',100),('52878','Apple','iPad 16GB','DMPHWQBCDJ8T','2012-08-01','college','Liberal Studies','Patrick','Nicholson','on','CE','114','iOS',NULL,'b0:65:bd:10:b0:e5','','',100),('52896','Apple','Mac Mini','C07HX04ZDJD3','2012-07-28','college','Communications',NULL,NULL,'on','UH','043','Mac OSX 10.7','40:6c:8f:48:80:ca','80:49:71:15:a3:1b','','final cut pro and cs6',99),('52897','Apple','Mac Mini','C07HX0DNDJD3','2012-07-28','college','Communications',NULL,NULL,'on','UH','043','Mac OSX 10.7','40:6c:8f:48:76:99','80:49:71:15:c9:25','','final cut pro and cs6',99),('52898','Apple','Mac Mini','C07HX0HBDJD3','2012-07-28','college','Communications',NULL,NULL,'on','UH','043','Mac OSX 10.7','40:6c:8f:48:76:fe','80:49:71:16:9f:61','','final cut pro and cs6',99),('52899','Apple','Mac Mini','C07HX0GXDJD3','2012-07-28','college','Communications',NULL,NULL,'on','UH','043','Mac OSX 10.7','40:6c:8f:48:69:c4','80:49:71:16:9e:39','','final cut pro and cs6',99),('52900','Apple','Mac Mini','C07HX0H2DJD3','2012-07-28','college','Communications',NULL,NULL,'on','UH','043','Mac OSX 10.7','40:6c:8f:48:67:96','80:49:71:16:9f:55','','final cut pro and cs6',99),('52901','Apple','Mac Mini','C07HX0HMDJD3','2012-07-28','college','Communications',NULL,NULL,'on','UH','043','Mac OSX 10.7','40:6c:8f:48:69:9c','80:49:71:15:86:33','','final cut pro and cs6',99),('52902','Apple','Mac Mini','C07HX0GBDJD3','2012-07-28','college','Communications',NULL,NULL,'on','UH','043','Mac OSX 10.7','40:6c:8f:48:69:af','80:49:71:16:94:05','','final cut pro and cs6',99),('52905','Apple','iPad 16GB','DMPHWJRJDJ8T','2012-08-01','college','CAL','Karen','Eastman','on','UH','203','iOS',NULL,'b0:65:bd:27:4b:df','','',100),('52906','Apple','iPad 16GB','DMRHV7BUDJ8T','2012-08-01','college','Music','Garry','Fish','on','PA','124','iOS',NULL,'64:20:0c:f2:65:83','','',100),('52907','Apple','iPad 16GB','iPad 16GB WiFi','2012-08-01','college','Art','Nate','Dubbs','on','VA','215','iOS',NULL,'b0:65:bd:2a:f7:de','','',100),('48979','Apple','iPad 3','DMQHNBQNDJ8T','2012-08-01','college','Philosophy','Rachel','Siordia','on','UH','339','iOS',NULL,'64:20:0c:9b:0a:2e','','',100),('52908','Apple','Mac Mini','C07JM5G8DWYL','2013-01-08','college','English',NULL,NULL,'on','UH','054','Mac OSX 10.8.2','00:0a:41:19:1e:40','88:53:95:28:14:5b','','',101),('52909','Apple','Mac Mini','C07M5FVDWYL','2013-01-08','college','English',NULL,NULL,'on','UH','054','Mac OSX 10.8.2','a8:20:66:2e:63:fc','88:53:95:28:16:89','','',101),('52910','Apple','Mac Mini','C70JM5HYDWYL','2013-01-08','college','English',NULL,NULL,'on','UH','054','Mac OSX 10.8.2','a8:20:66:34:d1:1d','20:c9:d0:97:61:c5','','0000034822',101),('52911','Apple','Mac Mini','C70JM5Q4DWYL','2013-01-08','college','English',NULL,NULL,'on','UH','054','Mac OSX 10.8.2','a8:20:66:31:9b:24','88:53:95:28:3f:9d','','po 0000034822',101),('52912','Apple','Mac Mini','C07JM5JLDWYL','2013-01-08','college','English',NULL,NULL,'on','UH','054','Mac OSX 10.8.2','a8:20:66:34:c8:99','20:c9:d0:98:02:b3','','po 0000034822',101),('52913','Apple','Mac Mini','C07JM4PSDWYL','2013-01-08','college','English',NULL,NULL,'on','UH','054','Mac OSX 10.8.2','a8:20:66:32:09:7e','20:c9:d0:98:03:4f','','po 0000034822',101),('52914','Apple','Mac Mini','C07JM5GCDWYL','2013-01-08','college','English',NULL,NULL,'on','UH','054','Mac OSX 10.8.2','a8:20:66:31:a2:33','88:53:95:28:16:e1','','po 0000034822',101),('52915','Apple','Mac Mini','C07JM5HCDWYL','2013-01-08','college','English',NULL,NULL,'on','UH','054','Mac OSX 10.8.2','a8:20:66:31:f6:23','20:c9:d0:97:a7:09','','po 0000034822',101),('52917','Apple','Mac Mini','C07JM5HEDWYL','2013-01-08','college','English',NULL,NULL,'on','UH','054','Mac OSX 10.8.2','a8:20:66:31:ef:a0','88:53:95:28:12:bd','','po 0000034822',101),('52916','Apple','Mac Mini','C07JM4J5DWYL','2013-01-08','college','English',NULL,NULL,'on','UH','054','Mac OSX 10.8.2','a8:20:66:31:be:a7','20:c9:d0:97:85:8b','','po 0000034822',101),('52918','Apple','Mac Mini','C07JM5H5DWYL','2013-01-08','college','English',NULL,NULL,'on','UH','054','Mac OSX 10.8.2','a8:20:66:31:a3:d5','88:53:95:28:16:ff','','po 0000034822',101),('52919','Apple','Mac Mini','C07JM5LNDWYL','2013-01-08','college','English',NULL,NULL,'on','UH','054','Mac OSX 10.8.2','a8:20:66:34:c7:96','88:53:95:28:3a:5d','','po 0000034822',101),('52920','Apple','Mac Mini','C07JM3URDWYL','2013-01-08','college','English',NULL,NULL,'on','UH','054','Mac OSX 10.8.2','a8:20:66:34:c0:8d','88:53:95:28:0f:e1','','po 0000034822',101),('52921','Apple','Mac Mini','C07JM5GXDWYL','2013-01-08','college','English',NULL,NULL,'on','UH','054','Mac OSX 10.8.2','a8:20:66:31:fa:75','88:53:95:28:14:25','','po 0000034822',101),('52922','Apple','Mac Mini','C07JM5HQDWYL','2013-01-08','college','English',NULL,NULL,'on','UH','054','Mac OSX 10.8.2','a8:20:66:31:a0:d1','20:c9:d0:97:61:b9','','po 0000034822',101),('52923','Apple','Mac Mini','C07JM5GNDWYL','2013-01-08','college','English',NULL,NULL,'on','UH','054','Mac OSX 10.8.2','a8:20:66:31:ef:b4','88:53:95:28:14:71','','po 0000034822',101),('52924','Apple','Mac Mini','C07JM5GGDWYL','2013-01-08','college','English',NULL,NULL,'on','UH','054','Mac OSX 10.8.2','a8:20:66:2e:61:6c','88:53:95:28:0f:ab','','po 0000034822',101),('52925','Apple','Mac Mini','C07JM5GYDWYL','2013-01-08','college','English',NULL,NULL,'on','UH','054','Mac OSX 10.8.2','a8:20:66:31:a2:f0','88:53:95:28:14:6f','','po 0000034822',101),('52926','Apple','Mac Mini','C07JM5DLDWYL','2013-01-08','college','English',NULL,NULL,'on','UH','054','Mac OSX 10.8.2','a8:20:66:31:a3:8a','88:53:95:28:3b:bd','','po 0000034822',101),('52927','Apple','Mac Mini','C07JM5REDWYL','2013-01-08','college','English',NULL,NULL,'on','UH','054','Mac OSX 10.8.2','a8:20:66:34:c6:98','20:c9:d0:97:a8:e5','','po 0000034822',101),('52928','Apple','Mac Mini','C07JM5JGDWYL','2013-01-08','college','English',NULL,NULL,'on','UH','054','Mac OSX 10.8.2','a8:20:66:34:d0:15','20:c9:d0:97:61:b1','','po 0000034822',101),('52929','Apple','Mac Mini','C07JM4MADWYL','2013-01-08','college','English',NULL,NULL,'on','UH','054','Mac OSX 10.8.2','a8:20:66:32:14:40','88:53:95:28:10:61','','po 0000034822',101),('52930','Apple','Mac Mini','C07JD23YDWYL','2013-01-08','college','English',NULL,NULL,'on','UH','054','Mac OSX 10.8.2','a8:20:66:1a:18:30','20:c9:d0:92:06:df','','po 0000034822',101),('52931','Apple','Mac Mini','C07JCC71DWYL','2013-01-08','college','English',NULL,NULL,'on','UH','054','Mac OSX 10.8.2','a8:20:66:12:13:cc','20:c9:d0:91:ac:13','','po 0000034822',101),('52932','Apple','Mac Mini','C07JM4J7DWYL','2013-01-08','college','English',NULL,NULL,'on','UH','054','Mac OSX 10.8.2','a8:20:66:31:a4:50','20:c9:d0:97:61:c9','','po 0000034822',101),('52933','Apple','Mac Mini','C07JM5MXDWYL','2013-01-08','college','English',NULL,NULL,'on','UH','054','Mac OSX 10.8.2','a8:20:66:34:c8:0e','88:53:95:28:36:ab','','po 0000034822',101),('47394','Apple','MacBook Air','c02kf04vdrv9','2013-03-26','dept','Music','Stacey','Fraser','off','PA','217','Mac OSX 10.8.3','28:cf:e9:4c:cf:b2','28:cf:e9:4c:cf:b1','','',102),('53230','Dell','Optiplex 9010','BCB4GX1','2013-05-31','college','Communications','Heather','Hundley','on','UH','201.14','Windows 7 Pro','b8:ca:3a:85:7a:77',NULL,'','',103),('53231','Dell','Optiplex 9010','BC94GX1','2013-05-31','college','English','Deshea','Rushing','on','UH','301.21','Windows 7 Pro','b8:ca:3a:85:7c:f7',NULL,'','',103),('53232','Dell','Optiplex 9010','BCC2GX1','2013-05-31','college','English',NULL,NULL,'on','UH','055','Windows 7 Pro','b8:ca:3a:85:7d:2e',NULL,'','Computer Lab',103),('53233','Dell','Optiplex 9010','BCB3GX1','2013-05-31','college','Communications','Linda','Sand','on','UH','018','Windows 7 Pro','b8:ca:3a:85:79:0f',NULL,'','',103),('53234','Dell','Optiplex 9010','BCC3GX1','2013-05-31','college','English',NULL,NULL,'on','UH','055','Windows 7 Pro','b8:ca:3a:85:7d:26',NULL,'','Computer Lab',103),('53235','Dell','Optiplex 9010','BCD2GX1','2013-05-31','college','English','Cynthia','Cotter','on','UH','301.02','Windows 7 Pro','b8:ca:3a:85:7d:35',NULL,'','',103),('53236','Dell','Optiplex','BC92GX1','2013-05-31','college','English','Juan','Delgado','on','UH','301.12','Windows 7 Pro','b8:ca:3a:85:7c:86',NULL,'','',103),('53237','Dell','Optiplex 9010','BCB2GX1','2013-05-31','college','English','James','Brown','on','UH','301.15','Windows 7 Pro','b8:ca:3a:85:7d:4a',NULL,'','',103),('53238','Dell','Optiplex 9010','BC93GX1','2013-05-31','college','Communications',NULL,NULL,'on','UH','019','Windows 7 Pro','b8:ca:3a:85:7c:7b',NULL,'','Communications Office',103),('53239','Dell','Optiplex 9010','BCC4GX1','2013-05-31','college','English','Treadwell','Ruml','on','UH','301.28','Windows 7 Pro','b8:ca:3a:85:7d:1d',NULL,'','',103),('53241','Dell','Optiplex 9010','BCF2GX1','2013-05-31','college','English','David','Marshall','on','UH','301.14','','b8:ca:3a:85:7c:8d',NULL,'','',103),('52240','Dell','Optiplex 9010','67J4GX1','2013-05-31','college','Philosophy','Rachel','Siordia','on','UH','339','Windows 7 Pro','b8:ca:3a:7e:d1:a1',NULL,'','Small form factor',103),('52627','Dell','Optiplex 9010','DK75GX1','2013-05-31','college','CAL','Salaam','Yousif','on','UH','237','Windows 7 Pro','b8:ca:3a:7e:e6:11',NULL,'','Small form factor',103),('52628','Dell','Optiplex 9010','DK68GX1','2013-05-31','college','CAL','Martha','DiazGranados','on','UH','237','Windows 7 Pro','b8:ca:3a:7e:de:1f',NULL,'','Small form factor',103),('52625','Dell','Optiplex 9010','DK77GX1','2013-05-31','college','CAL','Stephanie','Cardenas','on','UH','237','Windows 7 Pro','b8:ca:3a:7e:e0:a6',NULL,'','Small form factor',103),('52626','Dell','Optiplex 9010','DK76GX1','2013-05-31','college','CAL',NULL,NULL,'on','UH','237','Windows 7 Pro','b8:ca:3a:7e:bc:cf',NULL,'','Small form factor',103),('53297','Dell','Inspiron 5521','8R3PDW1','2013-05-31','college','English','Luz Elena','Ramirez','off','UH','301.44','Windows 7 Home Premium','e0:d8:55:d7:87:55','60:6c:66:60:91:31','','',103),('53378','Apple','MacBook Pro 15\"','C02KFB3MDV33','2013-06-07','dept','RAFFMA','Natasha','Hemmings','off','VA','105','Mac OSX 10.8.4','10:dd:b1:bb:e5:79','28:cf:e9:54:8f:1b','','',104),('53377','Apple','MacBook Pro 15\"','C02KG4YHDV33','2013-06-12','college','CAL','Stephanie','Cardenas','off','UH','237','Mac OSX 10.8.4','10:dd:b1:bc:02:66','28:cf:e9:57:90:79','','',105),('52935','Apple','MacBook Air 13\"','C02JF9M2DRVC','2013-06-13','college','Liberal Studies','Patrick','Nicholson','off','CE','114','Mac OSX 10.8.4',NULL,'00:00:0c:07:ac:79','','',106),('52934','Apple','MacBook Air 11\"','C17KTXQRF5N7','2013-06-13','college','Liberal Studies','Katherine','Thomerson','off','CE','114E','Mac OSX 10.8.4',NULL,'84:38:35:47:ef:50','','',106),('52937','Apple','iMac 27\"','C02KP18RDNCV','2013-06-13','college','Liberal Studies','Patrick','Nicholson','on','CE','114','Mac OSX 10.8.4','00:0a:41:19:1e:40','ec:35:86:4e:9a:16','','',106),('52936','Apple','iMac 27\"','C02KP0TRDNCV','2013-06-13','college','Liberal Studies','Katherine','Thomerson','on','CE','114E','Mac OSX 10.8.4','00:0a:41:19:1e:40','ec:35:86:4e:4a:82','','',106),('52940','Apple','MacBook Pro 15\"','C02KC7EZDV33','2013-07-04','college','English','Parastou','Feiz','off','UH','301.45','Mac OSX 10.8.4','10:dd:b1:b8:16:6d','00:00:0c:07:ac:b0','','',107),('52939','Apple','MacBook Pro 15\"','C02KC7DUDV33','2013-07-04','college','Communications','Mary','Fong','off','UH','201.16','Mac OSX 10.8.4','00:0a:41:19:1e:40','4c:8d:79:ef:09:1c','','',107),('53374','Apple','iPad 32GB','DMPKQMJGF183','2013-06-13','college','Philosophy','Tony','Roy','off','UH','401.43','iOS',NULL,'04:e5:36:28:c2:b0','','',106),('53373','Apple','iPad 64GB','DLXJG0SKF184','2013-06-13','college','Philosophy','Chris','Naticchia','off','UH','401.26','iOS',NULL,'98:fe:94:61:e1:6a','','',106),('53375','Apple','iPad 32GB','DMPKQRKRF183','2013-06-13','college','Philosophy','John','Mumma','off','UH','401.46','iOS',NULL,'04:e5:36:29:1c:48','','',106),('53376','Apple','iPad 32GB','DMPKQ5A9F183','2013-06-13','college','Philosophy','Matthew','Davidson','off','VA','228','iOS',NULL,'04:e5:36:22:64:cf','','',106),('53380','Apple','iMac 21\"','C17KG8HEDNCR','2013-06-13','college','Philosophy','Jill','Buroker','on','UH','340','Mac OSX 10.8.4','10:dd:b1:b7:00:b6','ec:35:86:3f:c5:90','','',106),('53379','Apple','iMac 21\"','C17KG6MQDNCR','2013-06-13','college','Communications','Donna','Gotch','on','UH','201.24','Mac OSX 10.8.4','00:0a:41:19:1e:40','ec:35:86:3f:6b:e8','','',106),('53381','Apple','MacBook Air 13\"','C02L43N6F6T6','2013-07-29','college','CAL','Terry','Ballman','off','UH','237','Mac OSX 10.8.4',NULL,'84:38:35:61:a0:5a','','',108),('53382','Apple','iMac 27\"','D25L40LNDNMP','2013-07-29','college','CAL','Terry','Ballman','on','UH','237','Mac OSX 10.8.4','10:22:b1:2b:eb:96','ec:35:86:53:ad:28','','',108),('53383','Apple','iPad 128GB','DMPKTOUMFCYG','2013-08-01','college','CAL','Terry','Ballman','off','UH','237','iOS',NULL,'04:e5:36:41:74:95','','',109),('46094','Dell','Latitude D620','CN0KX350129617595567','2007-06-26','dept','World Languages',NULL,NULL,'on','UH','007','Windows','00:18:8b:d0:6c:4e','00:1b:77:23:b7:eb','','Was marked as disposed but found in Dr Choi office\nWas reinstated by Charlene in Property Mgmt',110),('53240','Dell','Optiplex 9010','67J4GX1','2013-05-31','college','Philosophy',NULL,NULL,'on','UH','339','Windows 7','b8:ca:3a:7e:d1:a1',NULL,'','Originally it goes to Rachel but Rachel gave it to SA ',103),('53425','Apple','iMac 27\"','C02K5836DNCV','2013-06-01','college','Theatre Arts','Lab',NULL,'on','PA','227','Mac OSX 10.8.4','10:dd:b1:9d:51:d8','8c:2d:aa:5a:40:01','','',111),('53426','Apple','iMac 27\"','C02KP1D4DNCV','2013-06-01','college','Theatre Arts','Lab',NULL,'on','PA','227','Mac OSX 10.8.4','10:dd:b1:ce:e7:49','ec:35:86:50:23:f8','','',111),('53427','Apple','iMac 27\"','C02KH96WDNCV','2013-06-01','college','Theatre Arts','Lab',NULL,'on','PA','227','Mac OSX 10.8.4','a8:20:66:32:e0:d4','ec:35:86:42:1f:4c','','',111),('52938','Samsung','Ultrabook 900X4C','HU7R916D00024','2013-09-01','college','Art','Jane','Chin Davidson','off','VA','214','Windows 7','18:67:b0:3c:14:77','c8:f7:33:cd:a5:b9','','',112),('53428','Apple','iMac 27\"','C02KH976DNCV','2013-06-01','college','Theatre Arts','Lab',NULL,'on','PA','227','Mac OSX 10.8.4','00:02:41:19:1e:40','ec:35:86:45:97:32','','',111),('53429','Apple','iMac 27\"','C02KP1KSDNCV','2013-06-01','college','Theatre Arts','Lab',NULL,'on','PA','227','Mac OSX 10.8.4','00:0a:41:19:1e:40','ec:35:86:50:8a:00','','',111),('53430','Apple','iMac 27\"','C02KH959DNCV','2013-06-01','college','Theatre Arts','Lab',NULL,'on','PA','227','Mac OSX 10.8.4','00:0a:41:19:1e:40','ec:35:86:45:94:56','','',111),('53431','Apple','iMac 27\"','C02KN2BUDNCV','2013-06-01','college','Theatre Arts','Lab',NULL,'on','PA','227','Mac OSX 10.8.4','00:0a:41:19:1e:40','ec:35:86:49:e8:22','','',111),('53438','Apple','iMac 21\"','C02KF4HNDNCT','2013-09-02','college','CAL','John','Russell','on','PA','207','Mac OSX 10.8.5','00:0a:41:19:1e:40','ec:35:86:37:c7:34','','',113),('53439','Apple','iMac 21\"','C02KF43TDNCT','2013-08-04','college','English','Felicia','Lemus','on','UH','301.20','Mac OSX 10.8.5','10:dd:b1:be:f1:2f','ec:35:86:37:8c:0a','','',114),('53540','Dell','Optiplex 9010','9Q51BY1','2013-09-16','college','World Languages','Bibiana','Diaz Rodriguez','on','UH','201.29','Windows 7 Pro','b8:ca:3a:ad:8a:15',NULL,'','',115),('53541','Dell','Optiplex 9010','9Q5Z9Y1','2013-09-16','college','World Languages','Maria','Garcia Puente','on','UH','201.47','Windows 7 Pro','b8:ca:3a:a2:99:48',NULL,'','',115),('53432','Apple','MacBook Pro','C02LD4L7FFT0','2013-09-01','college','English','May Lee','Chai','on','UH','301.35','Mac OSX 10.8.3',NULL,'00:00:0c:07:ac:79','','',112);
/*!40000 ALTER TABLE `old_inventory` ENABLE KEYS */;
UNLOCK TABLES;

--
-- Table structure for table `purchase`
--

DROP TABLE IF EXISTS `purchase`;
/*!40101 SET @saved_cs_client     = @@character_set_client */;
/*!40101 SET character_set_client = utf8 */;
CREATE TABLE `purchase` (
  `purchase_id` int(11) NOT NULL AUTO_INCREMENT,
  `purchase_order` varchar(45) DEFAULT NULL,
  `purchase_date` date NOT NULL,
  `purchased_by` varchar(45) NOT NULL,
  PRIMARY KEY (`purchase_id`)
) ENGINE=InnoDB AUTO_INCREMENT=116 DEFAULT CHARSET=latin1;
/*!40101 SET character_set_client = @saved_cs_client */;

--
-- Dumping data for table `purchase`
--

LOCK TABLES `purchase` WRITE;
/*!40000 ALTER TABLE `purchase` DISABLE KEYS */;
INSERT INTO `purchase` VALUES (1,NULL,'2008-05-01','college'),(2,NULL,'2007-01-01','college'),(3,NULL,'2002-01-01','college'),(4,NULL,'2004-01-01','college'),(5,NULL,'2008-06-01','dept'),(6,NULL,'2000-07-14','college'),(7,NULL,'2007-07-14','college'),(8,NULL,'2008-01-01','college'),(9,NULL,'2000-01-01','college'),(10,NULL,'1999-01-01','college'),(11,NULL,'2007-01-01','dept'),(12,NULL,'1997-01-01','college'),(13,NULL,'2006-01-01','college'),(14,NULL,'2008-08-06','college'),(15,NULL,'1985-01-01','college'),(16,NULL,'2207-01-01','college'),(17,NULL,'2001-01-01','college'),(18,NULL,'2006-01-01','dept'),(19,NULL,'2005-01-01','college'),(20,NULL,'2003-01-01','college'),(21,NULL,'2000-01-01','dept'),(22,NULL,'2007-06-30','college'),(23,NULL,'2008-06-30','college'),(24,NULL,'2002-01-01','dept'),(25,NULL,'2008-01-01','dept'),(26,NULL,'1998-01-01','college'),(27,NULL,'1998-01-01','dept'),(28,NULL,'2005-01-01','dept'),(29,NULL,'2008-09-01','dept'),(30,NULL,'1998-08-01','college'),(31,NULL,'2004-01-01','dept'),(32,NULL,'2003-01-01','dept'),(33,NULL,'2006-09-04','college'),(34,NULL,'2001-01-15','college'),(35,NULL,'2009-01-29','dept'),(36,NULL,'2009-04-17','college'),(37,NULL,'2009-06-01','college'),(38,NULL,'2009-06-10','dept'),(39,NULL,'2009-01-01','college'),(40,NULL,'1990-01-01','dept'),(41,NULL,'1988-01-01','college'),(42,NULL,'1980-01-01','dept'),(43,NULL,'1997-01-01','dept'),(44,NULL,'2006-06-18','dept'),(45,NULL,'2010-02-11','dept'),(46,NULL,'2010-02-05','dept'),(47,NULL,'2010-02-15','college'),(48,NULL,'2010-03-18','college'),(49,NULL,'2010-05-03','dept'),(50,NULL,'2010-05-06','college'),(51,NULL,'2010-05-26','dept'),(52,NULL,'2010-06-07','dept'),(53,NULL,'2010-06-11','dept'),(54,NULL,'2007-09-27','college'),(55,NULL,'2010-09-07','dept'),(56,NULL,'2010-09-23','college'),(57,NULL,'2007-09-03','college'),(58,NULL,'2010-12-01','dept'),(59,NULL,'2010-11-01','dept'),(60,NULL,'2011-01-27','dept'),(61,NULL,'2011-04-27','dept'),(62,NULL,'2011-05-04','dept'),(63,NULL,'2011-06-01','dept'),(64,NULL,'2011-05-22','dept'),(65,NULL,'2011-06-17','dept'),(66,NULL,'2011-06-22','dept'),(67,NULL,'2011-08-08','dept'),(68,NULL,'2011-07-11','dept'),(69,NULL,'2011-07-30','dept'),(70,NULL,'2011-09-14','dept'),(71,NULL,'2011-09-15','dept'),(72,NULL,'2011-09-16','dept'),(73,NULL,'2011-09-19','dept'),(74,NULL,'2011-09-20','dept'),(75,NULL,'2011-09-22','dept'),(76,NULL,'2011-09-01','college'),(77,NULL,'2011-09-05','dept'),(78,NULL,'2011-10-18','college'),(79,NULL,'2011-10-24','college'),(80,NULL,'2011-10-21','college'),(81,NULL,'2011-11-01','college'),(82,NULL,'2012-02-14','dept'),(83,NULL,'2012-02-21','college'),(84,NULL,'2012-03-16','dept'),(85,NULL,'2011-08-01','college'),(86,NULL,'2012-02-20','college'),(87,NULL,'2012-04-16','dept'),(88,NULL,'2012-04-16','college'),(89,NULL,'2012-04-19','dept'),(90,NULL,'2012-05-01','college'),(91,NULL,'2012-06-05','college'),(92,NULL,'2011-09-01','dept'),(93,NULL,'2012-06-09','college'),(94,NULL,'2012-06-26','college'),(95,NULL,'2012-06-16','college'),(96,NULL,'2012-08-21','college'),(97,NULL,'2012-06-09','dept'),(98,NULL,'2012-12-04','dept'),(99,NULL,'2012-07-28','college'),(100,NULL,'2012-08-01','college'),(101,NULL,'2013-01-08','college'),(102,NULL,'2013-03-26','dept'),(103,NULL,'2013-05-31','college'),(104,NULL,'2013-06-07','dept'),(105,NULL,'2013-06-12','college'),(106,NULL,'2013-06-13','college'),(107,NULL,'2013-07-04','college'),(108,NULL,'2013-07-29','college'),(109,NULL,'2013-08-01','college'),(110,NULL,'2007-06-26','dept'),(111,NULL,'2013-06-01','college'),(112,NULL,'2013-09-01','college'),(113,NULL,'2013-09-02','college'),(114,NULL,'2013-08-04','college'),(115,NULL,'2013-09-16','college');
/*!40000 ALTER TABLE `purchase` ENABLE KEYS */;
UNLOCK TABLES;

--
-- Table structure for table `software`
--

DROP TABLE IF EXISTS `software`;
/*!40101 SET @saved_cs_client     = @@character_set_client */;
/*!40101 SET character_set_client = utf8 */;
CREATE TABLE `software` (
  `software_id` int(11) NOT NULL AUTO_INCREMENT,
  `software_name` varchar(45) NOT NULL,
  `license_num` varchar(45) NOT NULL,
  `license_type` varchar(15) NOT NULL,
  `number_of_licenses` int(3) NOT NULL,
  `notes` text,
  `purchase_id` int(11) NOT NULL,
  PRIMARY KEY (`software_id`)
) ENGINE=InnoDB DEFAULT CHARSET=latin1;
/*!40101 SET character_set_client = @saved_cs_client */;

--
-- Dumping data for table `software`
--

LOCK TABLES `software` WRITE;
/*!40000 ALTER TABLE `software` DISABLE KEYS */;
/*!40000 ALTER TABLE `software` ENABLE KEYS */;
UNLOCK TABLES;

--
-- Table structure for table `user`
--

DROP TABLE IF EXISTS `user`;
/*!40101 SET @saved_cs_client     = @@character_set_client */;
/*!40101 SET character_set_client = utf8 */;
CREATE TABLE `user` (
  `user_id` int(11) NOT NULL AUTO_INCREMENT,
  `f_name` varchar(45) NOT NULL,
  `l_name` varchar(45) DEFAULT NULL,
  `email` varchar(90) DEFAULT NULL,
  `department` varchar(45) DEFAULT NULL,
  PRIMARY KEY (`user_id`)
) ENGINE=InnoDB AUTO_INCREMENT=227 DEFAULT CHARSET=latin1;
/*!40101 SET character_set_client = @saved_cs_client */;

--
-- Dumping data for table `user`
--

LOCK TABLES `user` WRITE;
/*!40000 ALTER TABLE `user` DISABLE KEYS */;
INSERT INTO `user` VALUES (1,'Ewelina','Nowakowska',NULL,NULL),(2,'Matthew','Richardson',NULL,NULL),(3,'Mo','Bahk',NULL,NULL),(4,'Ruth','Burke',NULL,NULL),(5,'Astrid','Sheil',NULL,NULL),(6,'Luz Elena','Ramirez',NULL,NULL),(7,'Juan','Delgado',NULL,NULL),(8,'Karen','Rowan',NULL,NULL),(9,'Glen','Hirshberg',NULL,NULL),(10,'Coyote Chronicle',NULL,NULL,NULL),(11,'Chad','Luck',NULL,NULL),(12,'Jessica','Luck',NULL,NULL),(13,'Lab',NULL,NULL,NULL),(14,'Jennifer','Keys',NULL,NULL),(15,'Claudia','Velasco',NULL,NULL),(16,'Joel','Harris',NULL,NULL),(17,'Jacqueline','Wilcoxen',NULL,NULL),(18,'Kimberly','Miller',NULL,NULL),(19,'Moises','Hernandez',NULL,NULL),(20,'Andy','Tufano',NULL,NULL),(21,'Robert','Leo',NULL,NULL),(22,'Fred','Gravatt',NULL,NULL),(23,'Fred','Jandt',NULL,NULL),(24,'Jean','Delgado',NULL,NULL),(25,'Risa','Dickson',NULL,NULL),(26,'Paul','Pai',NULL,NULL),(27,'Mary Ann','McGuire',NULL,NULL),(28,'Part Time',NULL,NULL,NULL),(29,'Tony','Roy',NULL,NULL),(30,'David','Garcia',NULL,NULL),(31,'Lou','Reich',NULL,NULL),(32,'Beverly','Gallo',NULL,NULL),(33,'Tom','Moody',NULL,NULL),(34,'Felipe','Leon',NULL,NULL),(35,'Jeremy','Hustwit',NULL,NULL),(36,'Arash','Naraghi',NULL,NULL),(37,'Karen','Sperry',NULL,NULL),(38,'Fidel','Arnecillo',NULL,NULL),(39,'Darcy','Otto',NULL,NULL),(40,'Susan','Finsen',NULL,NULL),(41,'Chris','Naticchia',NULL,NULL),(42,'Storage Room',NULL,NULL,NULL),(43,'Kareen','Gervasi',NULL,NULL),(44,'Rafael','Correa',NULL,NULL),(45,'Carmen','Jany',NULL,NULL),(46,'Dan','Whitaker',NULL,NULL),(47,'Smart Classroom',NULL,NULL,NULL),(48,'Philip','Page',NULL,NULL),(49,'David','Carlson',NULL,NULL),(50,'Holly','Henry',NULL,NULL),(51,'Margaret','Doane',NULL,NULL),(52,'Ron','Chen',NULL,NULL),(53,'Julie','Paegle',NULL,NULL),(54,'Joy','Barta',NULL,NULL),(55,'Caroline','Vickers',NULL,NULL),(56,'Parastou','Feiz',NULL,NULL),(57,'Pacific Review',NULL,NULL,NULL),(58,'Joe','Sanders',NULL,NULL),(59,'Marsha','Schuh',NULL,NULL),(60,'Ted','Ruml',NULL,NULL),(61,'Suzanne','Arakawa',NULL,NULL),(62,'Cindy','Cotter',NULL,NULL),(63,'Renee','Pigeon',NULL,NULL),(64,'Ellen','Gil Gomez',NULL,NULL),(65,'Kimberly','Costino',NULL,NULL),(66,'Sunny','Hyon',NULL,NULL),(67,'Jackie','Rhodes',NULL,NULL),(68,'Bruce','Golden',NULL,NULL),(69,'Helen','Pilinovsky',NULL,NULL),(70,'Salaam','Yousif',NULL,NULL),(71,'Wendy','Smith',NULL,NULL),(72,'James','Brown',NULL,NULL),(73,'David','Marshall',NULL,NULL),(74,'Rachel','Siordia',NULL,NULL),(75,'Peter','Schroeder',NULL,NULL),(76,'Arturo','Fernandez Gibert',NULL,NULL),(77,'Ana','Deloera Moll',NULL,NULL),(78,'Mirta','Gonzalez',NULL,NULL),(79,'Valerie','Morgan',NULL,NULL),(80,'Antonieta','Gallegos Ruiz',NULL,NULL),(81,'Liz','Martin',NULL,NULL),(82,'David','Jerez Gomez',NULL,NULL),(83,'Aurora','Wolfgang',NULL,NULL),(84,'Myung','Choi',NULL,NULL),(85,'Khamla','Dhouti',NULL,NULL),(86,'FLAGS',NULL,NULL,NULL),(87,'Donna','Gotch',NULL,NULL),(88,'Nathan','Carter',NULL,NULL),(89,'Scott','Rodriguez',NULL,NULL),(90,'Jo Anna','Grant',NULL,NULL),(91,'Robin','Larsen',NULL,NULL),(92,'Rueyling','Chuang',NULL,NULL),(93,'Rod','Metts',NULL,NULL),(94,'Heather','Hundley',NULL,NULL),(95,'Mihaela','Popescu',NULL,NULL),(96,'Brian','Heisterkamp',NULL,NULL),(97,'Kent','Rogers',NULL,NULL),(98,'Matthew','Davidson',NULL,NULL),(99,'Dottie','Cartwright',NULL,NULL),(100,'Ece','Algan',NULL,NULL),(101,'Sant','Khalsa',NULL,NULL),(102,'Andrew','Castillo',NULL,NULL),(103,'Mary','Fong',NULL,NULL),(104,'Jennifer','Andersen',NULL,NULL),(105,'Ahlam','Muhtaseb',NULL,NULL),(106,'Linda','Sand',NULL,NULL),(107,'Alicia','Trujillo',NULL,NULL),(108,'Martha','Diaz Granados',NULL,NULL),(109,'Leo','Connolly',NULL,NULL),(110,'Eri','Yasuhara',NULL,NULL),(111,'Jill','Buroker',NULL,NULL),(112,'Parri','King',NULL,NULL),(113,'Tiffany','Talavera',NULL,NULL),(114,'Museum','General',NULL,NULL),(115,'Yvette','Menacho',NULL,NULL),(116,'Andrea','Callahan',NULL,NULL),(117,'Candace','Parks',NULL,NULL),(118,'Natasha','Richardson',NULL,NULL),(119,'Lisa','DeMarco Ryden',NULL,NULL),(120,'Piano Lab',NULL,NULL,NULL),(121,'Rebecca','Tomlinson',NULL,NULL),(122,'Nancy','Glen',NULL,NULL),(123,'Michelle','Ebert Freire ',NULL,NULL),(124,'Lee','Lyons',NULL,NULL),(125,'Johanna','Smith',NULL,NULL),(126,'Todd','Johnson',NULL,NULL),(127,'Andre','Harrington',NULL,NULL),(128,'PALS',NULL,NULL,NULL),(129,'Katherine','Thomerson',NULL,NULL),(130,'Jerrold','Pritchard',NULL,NULL),(131,'Marianna','Bencomo Jasso',NULL,NULL),(132,'Kevin','Moffett',NULL,NULL),(133,'Brenda','Glascott',NULL,NULL),(134,'David','Kreitz',NULL,NULL),(135,'Charmaine','Boucher',NULL,NULL),(136,'Kim','Costino',NULL,NULL),(137,'Server Room',NULL,NULL,NULL),(138,'Christi','Rucker',NULL,NULL),(139,'TV','Lab',NULL,NULL),(140,'Cynthia','Moss',NULL,NULL),(141,'Richard','Jarvis',NULL,NULL),(142,'Erika','Quinonez',NULL,NULL),(143,'Mary','Boland',NULL,NULL),(144,'Margaret','Perry',NULL,NULL),(145,'TV Studio',NULL,NULL,NULL),(146,'Tom','Provenzano',NULL,NULL),(147,'Terry','Smith',NULL,NULL),(148,'Music Library',NULL,NULL,NULL),(149,'Instrument Room',NULL,NULL,NULL),(150,'Inventory Room',NULL,NULL,NULL),(151,'Dan','Robinson',NULL,NULL),(152,'Sound Room',NULL,NULL,NULL),(153,'Organ Room',NULL,NULL,NULL),(154,'Catherine','Erickson',NULL,NULL),(155,'Costume Shop',NULL,NULL,NULL),(156,'James','Radomski',NULL,NULL),(157,'Andrew','Crane',NULL,NULL),(158,'Robert','Knop',NULL,NULL),(159,'Larry','McFatter',NULL,NULL),(160,'Stacey','Fraser',NULL,NULL),(161,'Music Society',NULL,NULL,NULL),(162,'Sara','Flis',NULL,NULL),(163,'Suharu','Ogawa',NULL,NULL),(164,'VRC',NULL,NULL,NULL),(165,'John','Fleeman',NULL,NULL),(166,'Harlan','Jeglin',NULL,NULL),(167,'Randy','Hodges',NULL,NULL),(168,'Jon','Usher',NULL,NULL),(169,'Jeffrey','Boeckman',NULL,NULL),(170,'Kathy','Ervin',NULL,NULL),(171,'Christ','Naticchia',NULL,NULL),(172,'Terri','Nelson',NULL,NULL),(173,'Rong','Chen',NULL,NULL),(174,'Beth','Steffel',NULL,NULL),(175,'Katherine','Gray',NULL,NULL),(176,'Jiong','Li',NULL,NULL),(177,'Allen','Menton',NULL,NULL),(178,'Kurt','Collins',NULL,NULL),(179,'Brad','Spence',NULL,NULL),(180,'Eva','Kirsch',NULL,NULL),(181,'Rita','Schneider',NULL,NULL),(182,'Alison','Petty',NULL,NULL),(183,'Alysha','Timmons',NULL,NULL),(184,'Bervely','Gallo',NULL,NULL),(185,'Araib','Mango',NULL,NULL),(186,'Erik ','Jester',NULL,NULL),(187,'Annie','Buckley',NULL,NULL),(188,'Kosta','Popovic',NULL,NULL),(189,'Ali','Miremadi',NULL,NULL),(190,'Brad','Owen',NULL,NULL),(191,'Stephanie','MacLean',NULL,NULL),(192,'Ken','Han',NULL,NULL),(193,'Chad','Sweeney',NULL,NULL),(194,'Bradley','Hampton',NULL,NULL),(195,'Rigo','Solorio',NULL,NULL),(196,'Paige','Taylor',NULL,NULL),(197,'George','McGinnis',NULL,NULL),(198,'Jennifer','Anderson',NULL,NULL),(199,'Thomas','McGovern',NULL,NULL),(200,'Michael','Salvador',NULL,NULL),(201,'Heather','Lowe',NULL,NULL),(202,'Reyes','Diana',NULL,NULL),(203,'Choeun','Lee',NULL,NULL),(204,'John','Mumma',NULL,NULL),(205,'Richard ','Johnston',NULL,NULL),(206,'Ericka','Quinonez',NULL,NULL),(207,'Jenifer','Andersen',NULL,NULL),(208,'Lisa','DeMarco',NULL,NULL),(209,'Crystal','Escalrea',NULL,NULL),(210,'Patrick','Nicholson',NULL,NULL),(211,'Karen','Eastman',NULL,NULL),(212,'Garry','Fish',NULL,NULL),(213,'Nate','Dubbs',NULL,NULL),(214,'Deshea','Rushing',NULL,NULL),(215,'Cynthia','Cotter',NULL,NULL),(216,'Treadwell','Ruml',NULL,NULL),(217,'Martha','DiazGranados',NULL,NULL),(218,'Stephanie','Cardenas',NULL,NULL),(219,'Natasha','Hemmings',NULL,NULL),(220,'Terry','Ballman',NULL,NULL),(221,'Jane','Chin Davidson',NULL,NULL),(222,'John','Russell',NULL,NULL),(223,'Felicia','Lemus',NULL,NULL),(224,'Bibiana','Diaz Rodriguez',NULL,NULL),(225,'Maria','Garcia Puente',NULL,NULL),(226,'May Lee','Chai',NULL,NULL);
/*!40000 ALTER TABLE `user` ENABLE KEYS */;
UNLOCK TABLES;

--
-- Table structure for table `uses`
--

DROP TABLE IF EXISTS `uses`;
/*!40101 SET @saved_cs_client     = @@character_set_client */;
/*!40101 SET character_set_client = utf8 */;
CREATE TABLE `uses` (
  `user_id` int(11) NOT NULL,
  `tag_num` char(5) NOT NULL,
  PRIMARY KEY (`tag_num`,`user_id`)
) ENGINE=InnoDB DEFAULT CHARSET=latin1;
/*!40101 SET character_set_client = @saved_cs_client */;

--
-- Dumping data for table `uses`
--

LOCK TABLES `uses` WRITE;
/*!40000 ALTER TABLE `uses` DISABLE KEYS */;
INSERT INTO `uses` VALUES (149,'10919'),(149,'10946'),(149,'10947'),(149,'11560'),(149,'11587'),(155,'11588'),(149,'11817'),(149,'11818'),(149,'11819'),(156,'13093'),(153,'13115'),(149,'13387'),(149,'13388'),(149,'13389'),(149,'13991'),(149,'14158'),(149,'14320'),(156,'14321'),(164,'14655'),(149,'14699'),(155,'15074'),(149,'15086'),(149,'16170'),(149,'16171'),(152,'17496'),(149,'17551'),(13,'18460'),(149,'18470'),(164,'18764'),(149,'19704'),(155,'20037'),(149,'20046'),(152,'20149'),(150,'20343'),(149,'21041'),(145,'21062'),(152,'21166'),(149,'21459'),(149,'21573'),(149,'21574'),(152,'21602'),(152,'22289'),(152,'22486'),(145,'22616'),(145,'22619'),(13,'23792'),(13,'24124'),(13,'24126'),(19,'24347'),(42,'24751'),(152,'25391'),(153,'25570'),(153,'25738'),(149,'25742'),(13,'25916'),(13,'25917'),(13,'27415'),(150,'28063'),(151,'28495'),(120,'28841'),(120,'28842'),(120,'28843'),(120,'28844'),(120,'28846'),(120,'28847'),(120,'28848'),(120,'28849'),(120,'28850'),(13,'29049'),(164,'29116'),(164,'29126'),(164,'29127'),(164,'30480'),(164,'30529'),(13,'30629'),(149,'3090'),(164,'30989'),(49,'31047'),(201,'32034'),(155,'33124'),(145,'33135'),(152,'33191'),(149,'33329'),(13,'33337'),(151,'33463'),(152,'33469'),(152,'33470'),(13,'33471'),(149,'33525'),(164,'33551'),(151,'33597'),(149,'33603'),(153,'33912'),(153,'33961'),(124,'33964'),(6,'34009'),(13,'34343'),(13,'34530'),(19,'34702'),(19,'34705'),(137,'34731'),(137,'34732'),(164,'34779'),(164,'34828'),(151,'34843'),(153,'34849'),(137,'34868'),(13,'34874'),(13,'34930'),(137,'35063'),(164,'35115'),(164,'35116'),(128,'35431'),(153,'35724'),(155,'35833'),(151,'35933'),(151,'35934'),(151,'35937'),(161,'35945'),(151,'35959'),(153,'36013'),(149,'36157'),(51,'36166'),(28,'36405'),(152,'36406'),(28,'36413'),(137,'36418'),(3,'36745'),(23,'37434'),(164,'37492'),(153,'37635'),(153,'37636'),(149,'37637'),(13,'37866'),(153,'37946'),(166,'38305'),(13,'38306'),(28,'38307'),(28,'38308'),(25,'38309'),(162,'38310'),(13,'38311'),(6,'38312'),(128,'38313'),(28,'38315'),(13,'38316'),(13,'38317'),(13,'38318'),(37,'38320'),(151,'38321'),(151,'38322'),(105,'38323'),(21,'38324'),(28,'38325'),(28,'38328'),(28,'38329'),(49,'38330'),(28,'38331'),(28,'38332'),(146,'38333'),(28,'38334'),(86,'38340'),(28,'38342'),(17,'38343'),(28,'38344'),(59,'38345'),(14,'38348'),(61,'38350'),(28,'38351'),(15,'38352'),(18,'38353'),(31,'38354'),(28,'38357'),(38,'38358'),(138,'38359'),(20,'38360'),(28,'38367'),(97,'38369'),(54,'38370'),(28,'38371'),(13,'38373'),(28,'38374'),(28,'38375'),(13,'38376'),(28,'38389'),(16,'38390'),(13,'38391'),(10,'38392'),(154,'38393'),(28,'38394'),(28,'38395'),(129,'38396'),(30,'38398'),(86,'38399'),(143,'38402'),(13,'38485'),(93,'38665'),(34,'38666'),(111,'38668'),(13,'39001'),(13,'39002'),(13,'39003'),(13,'39005'),(13,'39008'),(13,'39009'),(13,'39010'),(13,'39011'),(13,'39012'),(13,'39014'),(13,'39015'),(13,'39017'),(13,'39018'),(13,'39023'),(13,'39027'),(13,'39032'),(13,'39036'),(13,'39037'),(13,'39038'),(13,'39040'),(13,'39041'),(13,'39043'),(13,'39044'),(13,'39047'),(13,'39048'),(106,'39144'),(122,'39145'),(121,'39146'),(10,'39158'),(57,'39159'),(168,'39160'),(35,'39161'),(28,'39164'),(28,'39165'),(48,'39166'),(123,'39167'),(33,'39266'),(46,'39515'),(94,'39721'),(50,'39833'),(55,'40159'),(74,'40160'),(74,'40161'),(13,'40254'),(50,'40358'),(137,'40391'),(137,'40392'),(137,'40393'),(137,'40394'),(137,'40395'),(137,'40396'),(13,'40558'),(164,'40598'),(164,'40606'),(153,'40626'),(153,'40627'),(4,'40681'),(51,'40755'),(119,'40756'),(63,'40758'),(72,'40759'),(113,'40760'),(144,'40761'),(128,'40762'),(140,'40765'),(164,'40780'),(10,'40787'),(10,'40788'),(39,'40803'),(39,'40805'),(10,'40813'),(10,'40814'),(10,'40815'),(10,'40816'),(10,'40817'),(71,'40839'),(151,'40841'),(128,'40842'),(60,'40844'),(118,'40845'),(158,'40948'),(137,'41034'),(32,'41057'),(66,'41070'),(166,'41088'),(128,'41118'),(137,'41144'),(149,'41191'),(120,'41220'),(13,'41284'),(164,'41351'),(164,'41352'),(204,'42039'),(10,'42129'),(114,'42294'),(114,'42295'),(85,'42428'),(83,'42429'),(75,'42508'),(28,'42520'),(124,'42527'),(131,'42528'),(52,'42628'),(84,'42890'),(69,'42891'),(107,'42892'),(157,'42893'),(62,'42894'),(112,'42895'),(13,'43076'),(13,'43077'),(13,'43078'),(13,'43079'),(13,'43080'),(13,'43261'),(13,'43262'),(13,'43263'),(13,'43264'),(13,'43265'),(13,'43266'),(13,'43267'),(13,'43268'),(13,'43269'),(13,'43270'),(13,'43271'),(13,'43272'),(13,'43273'),(13,'43274'),(13,'43275'),(13,'43276'),(13,'43277'),(13,'43278'),(13,'43279'),(13,'43280'),(13,'43281'),(87,'43283'),(24,'43284'),(159,'43345'),(89,'43346'),(96,'43347'),(115,'43348'),(88,'43349'),(142,'43350'),(80,'43351'),(28,'43352'),(116,'43407'),(117,'43408'),(13,'43409'),(145,'43787'),(145,'43788'),(99,'43829'),(145,'44016'),(148,'44124'),(152,'44125'),(120,'44127'),(164,'44128'),(164,'44129'),(164,'44131'),(164,'44134'),(164,'44135'),(163,'44160'),(164,'44166'),(156,'44171'),(151,'44334'),(92,'44343'),(91,'44344'),(111,'44401'),(147,'44542'),(179,'44578'),(13,'44579'),(13,'44580'),(13,'44607'),(13,'44608'),(13,'44609'),(13,'44610'),(13,'44611'),(13,'44612'),(13,'44613'),(13,'44614'),(13,'44615'),(13,'44616'),(13,'44617'),(13,'44618'),(109,'44620'),(13,'44713'),(13,'44714'),(13,'44715'),(13,'44716'),(13,'44717'),(13,'44718'),(13,'44719'),(13,'44720'),(13,'44721'),(13,'44722'),(13,'44723'),(13,'44724'),(13,'44737'),(13,'44738'),(13,'44739'),(13,'44740'),(13,'44741'),(13,'44742'),(13,'44743'),(13,'44744'),(13,'44745'),(13,'44746'),(13,'44747'),(13,'44748'),(110,'44749'),(99,'44758'),(164,'44810'),(95,'44881'),(53,'44882'),(127,'44884'),(127,'44885'),(36,'44887'),(108,'44888'),(82,'44889'),(43,'44890'),(2,'44891'),(102,'44892'),(137,'44931'),(137,'45028'),(165,'45269'),(120,'45528'),(130,'45538'),(137,'45553'),(137,'45554'),(137,'45555'),(137,'45556'),(137,'45557'),(13,'45558'),(74,'45562'),(13,'45600'),(78,'45603'),(139,'45604'),(70,'45643'),(139,'45657'),(13,'45685'),(41,'45686'),(126,'45694'),(41,'45706'),(42,'45707'),(40,'45708'),(13,'45709'),(13,'45710'),(13,'45711'),(13,'45712'),(13,'45713'),(13,'45714'),(13,'45715'),(13,'45716'),(152,'45717'),(104,'45718'),(1,'45720'),(120,'45751'),(155,'45753'),(155,'45754'),(169,'45805'),(76,'45808'),(19,'45809'),(22,'45810'),(4,'45812'),(99,'45813'),(100,'45814'),(125,'45815'),(125,'45816'),(13,'45901'),(13,'45902'),(13,'45903'),(13,'45904'),(13,'45905'),(13,'45906'),(13,'45907'),(13,'45908'),(13,'45909'),(13,'45910'),(13,'45911'),(13,'45912'),(13,'45913'),(13,'45961'),(13,'45962'),(13,'45963'),(13,'45964'),(13,'45965'),(13,'45966'),(13,'45969'),(13,'45970'),(13,'45971'),(19,'45972'),(29,'46057'),(70,'46064'),(77,'46079'),(28,'46081'),(79,'46082'),(27,'46083'),(28,'46084'),(28,'46085'),(26,'46086'),(95,'46088'),(55,'46089'),(101,'46090'),(7,'46091'),(8,'46092'),(44,'46093'),(10,'46101'),(13,'46177'),(13,'46178'),(47,'46179'),(160,'46188'),(98,'46321'),(176,'46357'),(175,'46359'),(81,'46360'),(174,'46367'),(73,'46369'),(45,'46370'),(58,'46371'),(56,'46372'),(70,'46373'),(132,'46380'),(141,'46383'),(9,'46384'),(5,'46385'),(1,'46386'),(90,'46387'),(67,'46388'),(103,'46389'),(105,'46391'),(134,'46392'),(13,'46393'),(13,'46394'),(13,'46395'),(13,'46396'),(13,'46397'),(13,'46398'),(13,'46399'),(13,'46400'),(124,'46401'),(152,'46402'),(40,'46403'),(64,'46404'),(135,'46405'),(136,'46406'),(137,'46407'),(171,'46410'),(164,'46411'),(111,'46412'),(164,'46413'),(164,'46414'),(164,'46415'),(164,'46416'),(149,'46423'),(149,'46424'),(120,'46441'),(120,'46442'),(120,'46443'),(120,'46444'),(120,'46445'),(120,'46446'),(120,'46447'),(120,'46448'),(120,'46449'),(120,'46450'),(120,'46451'),(120,'46453'),(120,'46454'),(120,'46455'),(149,'46482'),(133,'46485'),(120,'46489'),(120,'46490'),(65,'46649'),(68,'46650'),(152,'47372'),(153,'47373'),(160,'47394'),(164,'47423'),(67,'47515'),(12,'47545'),(11,'47546'),(10,'47547'),(10,'47548'),(157,'47702'),(3,'47773'),(164,'48782'),(172,'48949'),(173,'48961'),(126,'48963'),(165,'48964'),(177,'48971'),(70,'48972'),(108,'48973'),(74,'48979'),(205,'48980'),(141,'48981'),(206,'48982'),(207,'48983'),(102,'48984'),(167,'49515'),(147,'49601'),(170,'49602'),(164,'49603'),(178,'49604'),(191,'49605'),(133,'49606'),(13,'49607'),(13,'49608'),(125,'49749'),(125,'49948'),(140,'50170'),(179,'50276'),(182,'50277'),(44,'50331'),(180,'50589'),(181,'50592'),(180,'50630'),(117,'50631'),(188,'50801'),(95,'50804'),(96,'50806'),(129,'50827'),(115,'50833'),(184,'51287'),(189,'51348'),(185,'51349'),(101,'51394'),(187,'51395'),(173,'51396'),(10,'51397'),(190,'51398'),(110,'51399'),(105,'51400'),(53,'51401'),(50,'51402'),(203,'51403'),(197,'51404'),(127,'51405'),(195,'51406'),(100,'51420'),(33,'51421'),(29,'51422'),(92,'51423'),(40,'51424'),(183,'51425'),(186,'51426'),(186,'51427'),(5,'51428'),(98,'51429'),(187,'51430'),(133,'51786'),(128,'51961'),(128,'51962'),(86,'51963'),(192,'52032'),(198,'52045'),(199,'52046'),(200,'52047'),(101,'52048'),(201,'52049'),(166,'52050'),(183,'52051'),(41,'52053'),(156,'52055'),(202,'52056'),(13,'52057'),(13,'52058'),(13,'52059'),(13,'52060'),(13,'52061'),(13,'52062'),(192,'52064'),(166,'52065'),(158,'52068'),(193,'52069'),(74,'52240'),(196,'52426'),(183,'52429'),(63,'52431'),(168,'52432'),(194,'52433'),(218,'52625'),(70,'52627'),(217,'52628'),(115,'52876'),(106,'52877'),(210,'52878'),(208,'52879'),(209,'52880'),(140,'52881'),(211,'52905'),(212,'52906'),(213,'52907'),(129,'52934'),(210,'52935'),(129,'52936'),(210,'52937'),(221,'52938'),(103,'52939'),(56,'52940'),(94,'53230'),(214,'53231'),(106,'53233'),(215,'53235'),(7,'53236'),(72,'53237'),(216,'53239'),(73,'53241'),(6,'53297'),(41,'53373'),(29,'53374'),(204,'53375'),(98,'53376'),(218,'53377'),(219,'53378'),(87,'53379'),(111,'53380'),(220,'53381'),(220,'53382'),(220,'53383'),(13,'53425'),(13,'53426'),(13,'53427'),(13,'53428'),(13,'53429'),(13,'53430'),(13,'53431'),(226,'53432'),(222,'53438'),(223,'53439'),(224,'53540'),(225,'53541'),(71,'62033');
/*!40000 ALTER TABLE `uses` ENABLE KEYS */;
UNLOCK TABLES;
/*!40103 SET TIME_ZONE=@OLD_TIME_ZONE */;

/*!40101 SET SQL_MODE=@OLD_SQL_MODE */;
/*!40014 SET FOREIGN_KEY_CHECKS=@OLD_FOREIGN_KEY_CHECKS */;
/*!40014 SET UNIQUE_CHECKS=@OLD_UNIQUE_CHECKS */;
/*!40101 SET CHARACTER_SET_CLIENT=@OLD_CHARACTER_SET_CLIENT */;
/*!40101 SET CHARACTER_SET_RESULTS=@OLD_CHARACTER_SET_RESULTS */;
/*!40101 SET COLLATION_CONNECTION=@OLD_COLLATION_CONNECTION */;
/*!40111 SET SQL_NOTES=@OLD_SQL_NOTES */;

-- Dump completed on 2014-05-05 17:03:49
